,tmp,count,TF,batch
0,CREM_0,12649,CREM,0
1,TP53_0,7185,TP53,0
2,NR1I3_0,7022,NR1I3,0
3,ZNF268_0,6000,ZNF268,0
4,PDCD2_0,5220,PDCD2,0
5,HMGA2_0,5000,HMGA2,0
6,CNBP_0,4998,CNBP,0
7,KCNIP2_0,4897,KCNIP2,0
8,MAX_0,4646,MAX,0
9,YAF2_0,4321,YAF2,0
10,PAX5_0,4145,PAX5,0
11,ATF3_0,4000,ATF3,0
12,ETV7_0,3960,ETV7,0
13,KCNIP4_0,3769,KCNIP4,0
14,VSX1_0,3504,VSX1,0
15,ING4_0,3418,ING4,0
16,ZNF138_0,3383,ZNF138,0
17,NFYC_0,3140,NFYC,0
18,TCF7_0,3134,TCF7,0
19,YAP1_0,3111,YAP1,0
20,ZNF248_0,3001,ZNF248,0
21,HOPX_0,2998,HOPX,0
22,ZNF655_0,2961,ZNF655,0
23,GLMP_0,2957,GLMP,0
24,ZNF525_0,2894,ZNF525,0
25,CHURC1_0,2704,CHURC1,0
26,BATF2_0,2654,BATF2,0
27,LMO3_0,2647,LMO3,0
28,TAZ_0,2626,TAZ,0
29,HMGN3_0,2497,HMGN3,0
30,FOSL1_0,2480,FOSL1,0
31,CDK2_0,2416,CDK2,0
32,ELOF1_0,2386,ELOF1,0
33,BID_0,2366,BID,0
34,CDIP1_0,2357,CDIP1,0
35,IRF3_0,2352,IRF3,0
36,KLF8_0,2312,KLF8,0
37,SPIB_0,2305,SPIB,0
38,HOXD8_0,2299,HOXD8,0
39,HES6_0,2241,HES6,0
40,POU5F1_0,2239,POU5F1,0
41,PAX3_0,2236,PAX3,0
42,MEOX1_0,2229,MEOX1,0
43,LMO1_0,2217,LMO1,0
44,ETV1_0,2176,ETV1,0
45,MYCL_0,2159,MYCL,0
46,HDGF_0,2135,HDGF,0
47,SMARCA2_0,2120,SMARCA2,0
48,TSC22D1_0,2117,TSC22D1,0
49,MEIS2_0,2094,MEIS2,0
50,PPARD_0,2055,PPARD,0
51,FXN_0,2048,FXN,0
52,MITF_0,2039,MITF,0
53,ZNF544_0,2010,ZNF544,0
54,ZNF124_0,2010,ZNF124,0
55,MLX_0,2007,MLX,0
56,NKX2-5_0,2006,NKX2-5,0
57,ZSCAN2_0,2004,ZSCAN2,0
58,ZFP90_0,2000,ZFP90,0
59,TEF_0,2000,TEF,0
60,HOXC6_0,2000,HOXC6,0
61,CAMTA1_0,2000,CAMTA1,0
62,ZNF788_0,2000,ZNF788,0
63,NR1H2_0,2000,NR1H2,0
64,ID1_0,2000,ID1,0
65,TAF11_0,2000,TAF11,0
66,HOXB8_0,2000,HOXB8,0
67,ZNF593_0,2000,ZNF593,0
68,JDP2_0,2000,JDP2,0
69,ZNF7_0,1998,ZNF7,0
70,TCEB1_0,1997,TCEB1,0
71,TCEB2_0,1996,TCEB2,0
72,SMAD3_0,1969,SMAD3,0
73,KLF5_0,1913,KLF5,0
74,ELF5_0,1893,ELF5,0
75,KCNIP3_0,1834,KCNIP3,0
76,ZIC4_0,1788,ZIC4,0
77,PBX3_0,1753,PBX3,0
78,IKZF3_0,1752,IKZF3,0
79,PBX1_0,1739,PBX1,0
80,HSFY2_0,1734,HSFY2,0
81,ZNF559_0,1731,ZNF559,0
82,TSC22D3_0,1729,TSC22D3,0
83,MBD3_0,1694,MBD3,0
84,ESRRA_0,1688,ESRRA,0
85,ZNF747_0,1688,ZNF747,0
86,PFDN5_0,1685,PFDN5,0
87,GTF2H3_0,1673,GTF2H3,0
88,SP7_0,1590,SP7,0
89,HOXA1_0,1557,HOXA1,0
90,STOX1_0,1530,STOX1,0
91,MEIS3_0,1530,MEIS3,0
92,FOSB_0,1529,FOSB,0
93,NFYA_0,1523,NFYA,0
94,YBX3_0,1518,YBX3,0
95,NME2_0,1516,NME2,0
96,TEAD2_0,1512,TEAD2,0
97,LBX2_0,1511,LBX2,0
98,EHF_0,1509,EHF,0
99,ZNF396_0,1508,ZNF396,0
100,LITAF_0,1504,LITAF,0
101,MLLT10_0,1492,MLLT10,0
102,E2F5_0,1492,E2F5,0
103,FOXP3_0,1492,FOXP3,0
104,SLC45A2_0,1469,SLC45A2,0
105,CDK1_0,1465,CDK1,0
106,DMRTC2_0,1446,DMRTC2,0
107,HELT_0,1401,HELT,0
108,NHP2_0,1400,NHP2,0
109,HMBOX1_0,1394,HMBOX1,0
110,ZNF534_0,1391,ZNF534,0
111,LDB2_0,1388,LDB2,0
112,MAZ_0,1386,MAZ,0
113,NFKBIB_0,1381,NFKBIB,0
114,THAP3_0,1379,THAP3,0
115,ETV2_0,1364,ETV2,0
116,NKX6-3_0,1363,NKX6-3,0
117,DDIT3_0,1340,DDIT3,0
118,CTCFL_0,1339,CTCFL,0
119,NR1H3_0,1328,NR1H3,0
120,TCF4_0,1323,TCF4,0
121,LHX6_0,1310,LHX6,0
122,PAX8_0,1255,PAX8,0
123,SIRT6_0,1252,SIRT6,0
124,PAX2_0,1250,PAX2,0
125,MIER1_0,1250,MIER1,0
126,HEY1_0,1244,HEY1,0
127,RNF138_0,1232,RNF138,0
128,MAFF_0,1231,MAFF,0
129,SKP2_0,1216,SKP2,0
130,HSFY1_0,1212,HSFY1,0
131,LIN28B_0,1200,LIN28B,0
132,MXD4_0,1187,MXD4,0
133,CBFB_0,1184,CBFB,0
134,ZNF773_0,1182,ZNF773,0
135,KLF7_0,1170,KLF7,0
136,POU2F2_0,1169,POU2F2,0
137,RFXANK_0,1166,RFXANK,0
138,MXI1_0,1156,MXI1,0
139,PMS1_0,1155,PMS1,0
140,OVOL1_0,1154,OVOL1,0
141,EWSR1_0,1153,EWSR1,0
142,NANOG_0,1147,NANOG,0
143,ZBTB37_0,1146,ZBTB37,0
144,BLZF1_0,1141,BLZF1,0
145,WT1_0,1138,WT1,0
146,ING1_0,1137,ING1,0
147,SHOX2_0,1134,SHOX2,0
148,ZNF789_0,1099,ZNF789,0
149,ZNF343_0,1096,ZNF343,0
150,SMAD7_0,1087,SMAD7,0
151,ZBTB25_0,1082,ZBTB25,0
152,ZNF821_0,1076,ZNF821,0
153,ZFP1_0,1076,ZFP1,0
154,YEATS4_0,1071,YEATS4,0
155,ETV3_0,1055,ETV3,0
156,DLX1_0,1055,DLX1,0
157,TARBP2_0,1051,TARBP2,0
158,IRF8_0,1045,IRF8,0
159,MSX2_0,1037,MSX2,0
160,EMX2_0,1036,EMX2,0
161,ZNF780A_0,1035,ZNF780A,0
162,ZNF195_0,1032,ZNF195,0
163,ZNF483_0,1029,ZNF483,0
164,ZNF3_0,1028,ZNF3,0
165,VAX1_0,1026,VAX1,0
166,ZNF680_0,1026,ZNF680,0
167,ZNF74_0,1026,ZNF74,0
168,THAP1_0,1020,THAP1,0
169,NKX3-1_0,1019,NKX3-1,0
170,DUX4_0,1015,DUX4,0
171,ZNF189_0,1011,ZNF189,0
172,GCFC2_0,1008,GCFC2,0
173,ZNF695_0,1008,ZNF695,0
174,GBX2_0,1007,GBX2,0
175,ZNF426_0,1006,ZNF426,0
176,ZNF394_0,1004,ZNF394,0
177,ATF7_0,1004,ATF7,0
178,ZNF468_0,1004,ZNF468,0
179,MTA1_0,1004,MTA1,0
180,RARG_0,1003,RARG,0
181,ZNF85_0,1003,ZNF85,0
182,SS18_0,1003,SS18,0
183,ZNF226_0,1002,ZNF226,0
184,ZNF37A_0,1002,ZNF37A,0
185,CCNT1_0,1001,CCNT1,0
186,ZNF280D_0,1001,ZNF280D,0
187,HMGB4_0,1000,HMGB4,0
188,LEUTX_0,1000,LEUTX,0
189,HOXA4_0,1000,HOXA4,0
190,HOXB9_0,1000,HOXB9,0
191,DBP_0,1000,DBP,0
192,SEBOX_0,1000,SEBOX,0
193,ZNF233_0,1000,ZNF233,0
194,CREBL2_0,1000,CREBL2,0
195,RHOXF2_0,1000,RHOXF2,0
196,NANOGNB_0,1000,NANOGNB,0
197,IGFBP1_0,1000,IGFBP1,0
198,CARHSP1_0,1000,CARHSP1,0
199,NOV_0,1000,NOV,0
200,ID3_0,1000,ID3,0
201,HSBP1_0,1000,HSBP1,0
202,HOXA7_0,1000,HOXA7,0
203,GSC2_0,1000,GSC2,0
204,HES3_0,1000,HES3,0
205,ZSCAN9_1,1000,ZSCAN9,1
206,HOXB7_0,1000,HOXB7,0
207,ZFP41_0,1000,ZFP41,0
208,MSC_0,1000,MSC,0
209,ZNF761_0,1000,ZNF761,0
210,ZNF69_0,1000,ZNF69,0
211,TCF21_0,1000,TCF21,0
212,ZNF575_0,1000,ZNF575,0
213,TCF3_1,1000,TCF3,1
214,KLF1_0,1000,KLF1,0
215,ZBED2_0,1000,ZBED2,0
216,TAF13_0,1000,TAF13,0
217,NFYB_0,1000,NFYB,0
218,ZNF160_0,1000,ZNF160,0
219,RPA3_0,1000,RPA3,0
220,PSMB4_0,1000,PSMB4,0
221,HES2_0,1000,HES2,0
222,mCherry_1,1000,mCherry,1
223,GFP_1,1000,GFP,1
224,OVOL3_0,1000,OVOL3,0
225,SULT2A1_0,1000,SULT2A1,0
226,ID4_0,1000,ID4,0
227,HOXC5_0,1000,HOXC5,0
228,PRDM2_0,1000,PRDM2,0
229,SUB1_0,1000,SUB1,0
230,ZNF717_0,1000,ZNF717,0
231,BHLHE23_0,1000,BHLHE23,0
232,BATF_0,1000,BATF,0
233,KLF2_0,998,KLF2,0
234,RAX2_0,997,RAX2,0
235,ZNF644_0,988,ZNF644,0
236,TP63_0,984,TP63,0
237,ZSCAN26_0,983,ZSCAN26,0
238,LEF1_0,977,LEF1,0
239,IRF6_0,975,IRF6,0
240,IKZF1_0,972,IKZF1,0
241,MYOD1_1,966,MYOD1,1
242,MSLN_0,966,MSLN,0
243,HNF4A_1,965,HNF4A,1
244,ESRRG_0,952,ESRRG,0
245,ZNF563_0,940,ZNF563,0
246,HMGA1_0,940,HMGA1,0
247,ZNF24_0,927,ZNF24,0
248,FERD3L_1,927,FERD3L,1
249,TCF19_0,924,TCF19,0
250,ATOH7_1,924,ATOH7,1
251,ESR2_0,923,ESR2,0
252,DRAP1_0,920,DRAP1,0
253,CDX2_1,913,CDX2,1
254,SHOX_0,902,SHOX,0
255,CSDC2_0,898,CSDC2,0
256,ASCL4_1,891,ASCL4,1
257,HNF4A_0,890,HNF4A,0
258,MNX1_0,889,MNX1,0
259,NPAS1_0,872,NPAS1,0
260,ZNF22_0,857,ZNF22,0
261,THAP4_0,848,THAP4,0
262,NR1I2_0,847,NR1I2,0
263,HMGB1_0,844,HMGB1,0
264,MSGN1_1,844,MSGN1,1
265,THAP6_0,841,THAP6,0
266,ZBED3_0,840,ZBED3,0
267,CDX1_1,836,CDX1,1
268,TADA2A_0,836,TADA2A,0
269,ETS1_0,834,ETS1,0
270,E2F6_0,832,E2F6,0
271,ZNF254_0,827,ZNF254,0
272,GTF2IRD2_0,819,GTF2IRD2,0
273,DLX4_0,816,DLX4,0
274,NR2F2_0,815,NR2F2,0
275,LIN28A_0,807,LIN28A,0
276,GRHL3_0,805,GRHL3,0
277,NFIB_0,801,NFIB,0
278,HMX1_0,792,HMX1,0
279,TEAD4_0,789,TEAD4,0
280,ZNF302_0,785,ZNF302,0
281,BNIP3_0,785,BNIP3,0
282,TSHZ1_1,783,TSHZ1,1
283,PTF1A_1,782,PTF1A,1
284,SP140_0,779,SP140,0
285,PES1_0,776,PES1,0
286,ZNF586_0,772,ZNF586,0
287,BATF3_0,764,BATF3,0
288,NFKBIL1_0,759,NFKBIL1,0
289,MYCBP_0,756,MYCBP,0
290,CREB3L3_0,756,CREB3L3,0
291,SOHLH2_0,751,SOHLH2,0
292,TFDP2_0,748,TFDP2,0
293,MBD4_0,742,MBD4,0
294,ZNF2_0,741,ZNF2,0
295,TOX2_0,726,TOX2,0
296,TFAM_0,726,TFAM,0
297,ZNF197_0,716,ZNF197,0
298,LHX3_0,714,LHX3,0
299,TGIF1_0,703,TGIF1,0
300,EMX1_0,687,EMX1,0
301,DPRX_0,687,DPRX,0
302,ZNF559-ZNF177_0,685,ZNF559-ZNF177,0
303,HES4_0,683,HES4,0
304,ASCL3_1,682,ASCL3,1
305,TFEC_0,680,TFEC,0
306,FOXP1_0,678,FOXP1,0
307,NR1H4_0,678,NR1H4,0
308,NR6A1_0,668,NR6A1,0
309,DRGX_0,666,DRGX,0
310,KLF6_0,659,KLF6,0
311,MZF1_0,656,MZF1,0
312,BHLHE22_0,655,BHLHE22,0
313,ALYREF_0,654,ALYREF,0
314,TAL2_0,650,TAL2,0
315,TP73_0,646,TP73,0
316,LMO2_0,643,LMO2,0
317,SMARCB1_0,641,SMARCB1,0
318,RHOXF2B_0,626,RHOXF2B,0
319,TAF12_0,625,TAF12,0
320,FOXH1_0,621,FOXH1,0
321,ZNF584_0,619,ZNF584,0
322,ATF2_0,613,ATF2,0
323,XRCC4_0,612,XRCC4,0
324,NFE4_0,609,NFE4,0
325,HOXC4_0,604,HOXC4,0
326,FOXD4L5_0,602,FOXD4L5,0
327,TBX20_0,602,TBX20,0
328,SRY_0,602,SRY,0
329,TCF15_0,595,TCF15,0
330,PUF60_0,595,PUF60,0
331,CDK7_0,594,CDK7,0
332,XBP1_0,590,XBP1,0
333,PRRX1_0,590,PRRX1,0
334,ETV4_0,586,ETV4,0
335,MYC_0,583,MYC,0
336,MEF2A_0,583,MEF2A,0
337,HOXA6_0,576,HOXA6,0
338,IL18_0,574,IL18,0
339,ZFP42_0,573,ZFP42,0
340,ZNF174_0,569,ZNF174,0
341,RUVBL1_0,567,RUVBL1,0
342,PBX2_0,567,PBX2,0
343,TCF24_0,566,TCF24,0
344,HESX1_0,566,HESX1,0
345,MEIS1_0,565,MEIS1,0
346,SPDEF_0,565,SPDEF,0
347,FOXI1_0,564,FOXI1,0
348,RARB_0,563,RARB,0
349,USF1_0,563,USF1,0
350,HLF_0,563,HLF,0
351,RUNX1_0,562,RUNX1,0
352,OLIG1_0,562,OLIG1,0
353,ZNF580_0,557,ZNF580,0
354,HNF4G_0,556,HNF4G,0
355,NFATC4_0,556,NFATC4,0
356,PREB_0,550,PREB,0
357,TBPL1_0,547,TBPL1,0
358,SUPT4H1_0,541,SUPT4H1,0
359,ZNF691_0,540,ZNF691,0
360,HOXB3_0,534,HOXB3,0
361,HOXA11_0,534,HOXA11,0
362,SCX_0,533,SCX,0
363,CREB3L4_0,530,CREB3L4,0
364,PITX2_0,530,PITX2,0
365,CERS3_0,529,CERS3,0
366,LDB1_0,528,LDB1,0
367,MITF_1,528,MITF,1
368,CUX1_0,528,CUX1,0
369,HOXD12_0,523,HOXD12,0
370,ZFP64_0,522,ZFP64,0
371,MEF2C_0,519,MEF2C,0
372,FGF3_0,519,FGF3,0
373,SOHLH1_0,513,SOHLH1,0
374,SIX1_0,511,SIX1,0
375,JUND_0,510,JUND,0
376,HOXB4_0,507,HOXB4,0
377,RBPJL_0,504,RBPJL,0
378,HOXB1_0,501,HOXB1,0
379,HIF3A_0,499,HIF3A,0
380,NFATC1_0,497,NFATC1,0
381,USF2_0,496,USF2,0
382,ZNF688_0,495,ZNF688,0
383,YWHAE_0,491,YWHAE,0
384,TBP_0,486,TBP,0
385,PPARG_0,486,PPARG,0
386,OSR2_0,486,OSR2,0
387,ZNF493_0,482,ZNF493,0
388,TBX1_0,481,TBX1,0
389,SCRT2_0,481,SCRT2,0
390,ERCC2_0,478,ERCC2,0
391,NFE2L1_0,474,NFE2L1,0
392,YBX1_0,471,YBX1,0
393,ETF1_0,470,ETF1,0
394,ZNF260_1,469,ZNF260,1
395,OTX2_0,468,OTX2,0
396,HOXA9_0,465,HOXA9,0
397,ZKSCAN7_0,463,ZKSCAN7,0
398,CEBPG_0,463,CEBPG,0
399,HEYL_0,462,HEYL,0
400,SOX14_0,462,SOX14,0
401,KLF17_0,462,KLF17,0
402,PSAP_0,461,PSAP,0
403,DUXA_0,457,DUXA,0
404,HOXC12_0,457,HOXC12,0
405,HMGN2_0,456,HMGN2,0
406,LHX8_0,451,LHX8,0
407,MAFG_0,449,MAFG,0
408,SNAI2_0,448,SNAI2,0
409,POU6F1_0,447,POU6F1,0
410,SMAD9_0,447,SMAD9,0
411,NR2C2_1,446,NR2C2,1
412,HMGB2_0,446,HMGB2,0
413,AEBP2_0,445,AEBP2,0
414,GTF2F2_0,443,GTF2F2,0
415,ARID3C_0,441,ARID3C,0
416,PML_0,439,PML,0
417,GABPB1_0,432,GABPB1,0
418,CREB3L2_0,430,CREB3L2,0
419,ZNF705G_0,428,ZNF705G,0
420,SLC22A1_0,428,SLC22A1,0
421,CERS4_0,428,CERS4,0
422,SLC2A4RG_0,428,SLC2A4RG,0
423,THRA_0,422,THRA,0
424,POU2AF1_0,421,POU2AF1,0
425,ZMYND11_0,419,ZMYND11,0
426,ZNF621_0,419,ZNF621,0
427,HOXD1_0,417,HOXD1,0
428,MAFK_0,413,MAFK,0
429,HEY2_0,413,HEY2,0
430,THAP12_1,413,THAP12,1
431,GTF2A1_0,412,GTF2A1,0
432,NPAS4_0,411,NPAS4,0
433,SOX15_0,410,SOX15,0
434,ZNF384_0,409,ZNF384,0
435,PGR_0,407,PGR,0
436,MAEL_0,405,MAEL,0
437,ZNF626_0,403,ZNF626,0
438,HNRNPAB_0,403,HNRNPAB,0
439,DEK_0,402,DEK,0
440,PBX4_0,399,PBX4,0
441,TLX1_0,399,TLX1,0
442,DMRT2_0,399,DMRT2,0
443,ZNF488_0,397,ZNF488,0
444,T_1,397,T,1
445,ZNF566_0,395,ZNF566,0
446,HES7_0,393,HES7,0
447,ZNF397_0,393,ZNF397,0
448,LHX9_0,392,LHX9,0
449,ZNF511_0,392,ZNF511,0
450,PAX6_0,392,PAX6,0
451,GTF3A_0,390,GTF3A,0
452,TAF10_0,389,TAF10,0
453,CBX2_0,388,CBX2,0
454,TFCP2_0,383,TFCP2,0
455,RUNX1_1,382,RUNX1,1
456,ZKSCAN1_0,380,ZKSCAN1,0
457,PTTG1_0,380,PTTG1,0
458,HNF4G_1,378,HNF4G,1
459,TCF12_0,376,TCF12,0
460,TFAP2A_0,376,TFAP2A,0
461,PDX1_0,376,PDX1,0
462,POU2F3_0,374,POU2F3,0
463,FOXR1_0,374,FOXR1,0
464,ZNF552_0,373,ZNF552,0
465,SP5_0,371,SP5,0
466,TLX3_1,371,TLX3,1
467,IRF5_0,371,IRF5,0
468,TFDP3_0,370,TFDP3,0
469,EBF1_0,370,EBF1,0
470,ID2_0,370,ID2,0
471,HMGB3_0,367,HMGB3,0
472,TCF23_0,364,TCF23,0
473,NR0B2_0,363,NR0B2,0
474,RPA2_0,362,RPA2,0
475,HSF2_0,361,HSF2,0
476,ZMIZ2_1,360,ZMIZ2,1
477,HOXB5_0,358,HOXB5,0
478,TAL1_0,357,TAL1,0
479,SOX5_0,357,SOX5,0
480,ZNF333_0,356,ZNF333,0
481,VPS72_0,353,VPS72,0
482,ZBTB8A_0,352,ZBTB8A,0
483,ZNF764_0,351,ZNF764,0
484,ISL1_0,350,ISL1,0
485,ZNF444_0,349,ZNF444,0
486,HES5_0,349,HES5,0
487,ZNF641_0,348,ZNF641,0
488,E2F2_0,347,E2F2,0
489,HOXB6_0,347,HOXB6,0
490,ZNF692_0,347,ZNF692,0
491,DAXX_1,346,DAXX,1
492,DACH2_0,346,DACH2,0
493,YWHAZ_0,343,YWHAZ,0
494,FOXP2_0,342,FOXP2,0
495,ZNF366_1,339,ZNF366,1
496,DND1_0,338,DND1,0
497,LYL1_0,338,LYL1,0
498,CREBZF_0,337,CREBZF,0
499,TAF1A_0,335,TAF1A,0
500,BCL11A_0,334,BCL11A,0
501,ZNF275_0,334,ZNF275,0
502,NFATC1_1,332,NFATC1,1
503,BARX1_1,331,BARX1,1
504,SIX2_0,330,SIX2,0
505,MYF5_0,329,MYF5,0
506,ZNF740_0,327,ZNF740,0
507,ZBTB45_0,326,ZBTB45,0
508,KLF4_0,325,KLF4,0
509,HOXC8_0,325,HOXC8,0
510,RUNX3_1,323,RUNX3,1
511,ZIK1_0,323,ZIK1,0
512,MYCN_0,322,MYCN,0
513,ZNF589_0,322,ZNF589,0
514,NMI_0,321,NMI,0
515,NR4A1_0,321,NR4A1,0
516,HINFP_0,321,HINFP,0
517,DACH1_0,319,DACH1,0
518,ZFP28_0,318,ZFP28,0
519,ZSCAN10_0,318,ZSCAN10,0
520,MXD1_0,315,MXD1,0
521,NR3C1_1,315,NR3C1,1
522,ZBTB9_0,315,ZBTB9,0
523,ZNF587B_0,315,ZNF587B,0
524,MNAT1_0,314,MNAT1,0
525,MEOX2_0,313,MEOX2,0
526,TAZ_1,313,TAZ,1
527,IRF7_0,313,IRF7,0
528,ZNF563_1,311,ZNF563,1
529,ZNF419_0,309,ZNF419,0
530,MED21_0,309,MED21,0
531,ZSCAN18_0,307,ZSCAN18,0
532,SPI1_0,306,SPI1,0
533,HOXA5_0,304,HOXA5,0
534,HIF1A_1,304,HIF1A,1
535,ZNF683_0,304,ZNF683,0
536,ZNF620_0,304,ZNF620,0
537,NR2E3_0,303,NR2E3,0
538,DMAP1_0,303,DMAP1,0
539,MXD3_0,303,MXD3,0
540,TFAP2E_1,302,TFAP2E,1
541,OLIG3_0,301,OLIG3,0
542,GATA4_0,300,GATA4,0
543,DMRT3_0,298,DMRT3,0
544,NONO_0,298,NONO,0
545,HOXA10_0,297,HOXA10,0
546,ZBTB49_0,297,ZBTB49,0
547,ZNF253_1,295,ZNF253,1
548,ZKSCAN3_0,293,ZKSCAN3,0
549,PKNOX1_0,291,PKNOX1,0
550,KAT7_0,291,KAT7,0
551,ZFP82_1,290,ZFP82,1
552,KLF16_0,290,KLF16,0
553,PAX4_0,289,PAX4,0
554,ZNF581_0,288,ZNF581,0
555,ENO1_0,287,ENO1,0
556,MYOG_0,287,MYOG,0
557,GTF2A1L_0,282,GTF2A1L,0
558,ZNF79_0,282,ZNF79,0
559,RXRB_0,280,RXRB,0
560,ERCC8_0,279,ERCC8,0
561,TBX10_0,277,TBX10,0
562,PIAS3_0,275,PIAS3,0
563,TCF7L2_0,274,TCF7L2,0
564,ATF1_0,273,ATF1,0
565,PKNOX2_0,272,PKNOX2,0
566,PGR_1,272,PGR,1
567,ATOH8_0,272,ATOH8,0
568,TAF9_0,269,TAF9,0
569,FOXP4_0,268,FOXP4,0
570,GTF2I_0,267,GTF2I,0
571,MKX_0,267,MKX,0
572,HOXD11_1,266,HOXD11,1
573,RARA_0,264,RARA,0
574,TPRX1_0,264,TPRX1,0
575,DDB2_0,264,DDB2,0
576,ZNF696_0,263,ZNF696,0
577,POU1F1_0,263,POU1F1,0
578,NFKBID_0,262,NFKBID,0
579,PLAGL1_0,262,PLAGL1,0
580,EOMES_0,261,EOMES,0
581,ZNF394_1,261,ZNF394,1
582,CRX_0,261,CRX,0
583,ZSCAN5A_0,260,ZSCAN5A,0
584,ZNF664_0,260,ZNF664,0
585,ZNF784_0,259,ZNF784,0
586,ARID5A_0,258,ARID5A,0
587,NKRF_1,257,NKRF,1
588,RUNX2_0,256,RUNX2,0
589,ACTL6A_0,255,ACTL6A,0
590,GRHL1_0,255,GRHL1,0
591,SNAI1_0,254,SNAI1,0
592,NR2E1_0,253,NR2E1,0
593,NRL_0,252,NRL,0
594,CDCA7L_0,252,CDCA7L,0
595,ZNF410_0,252,ZNF410,0
596,HOXC9_0,252,HOXC9,0
597,TCF4_1,251,TCF4,1
598,TFCP2L1_0,251,TFCP2L1,0
599,THAP10_0,250,THAP10,0
600,MESP1_1,248,MESP1,1
601,ZNF576_0,246,ZNF576,0
602,MMP3_0,246,MMP3,0
603,NKX2-5_1,246,NKX2-5,1
604,SETDB1_0,246,SETDB1,0
605,ZNF621_1,245,ZNF621,1
606,TADA2B_0,244,TADA2B,0
607,SATB1_1,241,SATB1,1
608,AR_0,241,AR,0
609,TAF7_0,236,TAF7,0
610,ILF3_0,235,ILF3,0
611,ZSCAN1_0,235,ZSCAN1,0
612,UBP1_0,234,UBP1,0
613,EGR4_0,234,EGR4,0
614,SMARCE1_0,233,SMARCE1,0
615,ZNF579_0,232,ZNF579,0
616,OXSR1_0,232,OXSR1,0
617,CREB3_0,228,CREB3,0
618,ZNF438_0,228,ZNF438,0
619,GLIS1_1,227,GLIS1,1
620,FOXD4L4_0,227,FOXD4L4,0
621,IRF2_1,226,IRF2,1
622,ZNF648_0,226,ZNF648,0
623,PROX2_0,225,PROX2,0
624,EBF3_0,225,EBF3,0
625,ATF5_0,225,ATF5,0
626,SNAI3_0,223,SNAI3,0
627,MTA2_0,223,MTA2,0
628,JUNB_0,223,JUNB,0
629,ZNF524_0,221,ZNF524,0
630,TUB_0,220,TUB,0
631,ATF6B_0,220,ATF6B,0
632,HOXA2_0,220,HOXA2,0
633,OSR1_0,220,OSR1,0
634,MYF6_0,219,MYF6,0
635,PTF1A_0,218,PTF1A,0
636,PCGF2_0,217,PCGF2,0
637,NKX2-6_1,215,NKX2-6,1
638,POU3F4_0,215,POU3F4,0
639,ZNF8_1,214,ZNF8,1
640,PAX1_0,213,PAX1,0
641,ESRRB_0,213,ESRRB,0
642,ZNF80_0,212,ZNF80,0
643,ZNF398_0,212,ZNF398,0
644,TEAD1_0,211,TEAD1,0
645,ZNF48_0,210,ZNF48,0
646,DMRTA2_1,210,DMRTA2,1
647,NFKBIE_0,209,NFKBIE,0
648,ZNF232_0,208,ZNF232,0
649,PSIP1_0,208,PSIP1,0
650,ZNF280C_1,207,ZNF280C,1
651,EGR3_1,206,EGR3,1
652,RXRG_0,205,RXRG,0
653,ZNF707_0,205,ZNF707,0
654,APEX1_0,204,APEX1,0
655,SOX30_0,203,SOX30,0
656,NOBOX_0,203,NOBOX,0
657,DPF2_0,201,DPF2,0
658,THRB_1,201,THRB,1
659,RBPJ_0,201,RBPJ,0
660,TCF3_0,201,TCF3,0
661,ELK1_0,201,ELK1,0
662,E2F4_0,201,E2F4,0
663,TWIST1_0,200,TWIST1,0
664,RUNX1T1_0,200,RUNX1T1,0
665,STAT6_0,198,STAT6,0
666,ZNF500_0,198,ZNF500,0
667,MIXL1_0,197,MIXL1,0
668,HOXD10_0,197,HOXD10,0
669,DCP1A_0,197,DCP1A,0
670,PSMB1_0,197,PSMB1,0
671,ZNF146_0,196,ZNF146,0
672,ZZZ3_0,196,ZZZ3,0
673,TADA3_0,195,TADA3,0
674,ZNF281_1,195,ZNF281,1
675,NR1D2_1,194,NR1D2,1
676,VDR_0,193,VDR,0
677,GSC_1,190,GSC,1
678,TULP1_0,190,TULP1,0
679,ZNF418_1,188,ZNF418,1
680,NOTO_0,188,NOTO,0
681,RXRA_0,188,RXRA,0
682,HOXD9_0,187,HOXD9,0
683,ZNF672_0,186,ZNF672,0
684,HOXC13_1,186,HOXC13,1
685,MBD1_0,185,MBD1,0
686,HOXB2_0,185,HOXB2,0
687,NFE2_0,185,NFE2,0
688,ZNF414_0,182,ZNF414,0
689,FOXD4L1_0,182,FOXD4L1,0
690,EZH1_1,181,EZH1,1
691,ZNF282_0,180,ZNF282,0
692,MTERF1_0,180,MTERF1,0
693,GTF2E1_0,178,GTF2E1,0
694,MAP3K7_0,178,MAP3K7,0
695,JUN_0,178,JUN,0
696,DR1_0,175,DR1,0
697,ZBTB44_0,175,ZBTB44,0
698,ELK4_0,174,ELK4,0
699,FOXS1_0,174,FOXS1,0
700,BHLHA9_1,173,BHLHA9,1
701,ZNF726_0,172,ZNF726,0
702,T_0,172,T,0
703,CREB5_0,172,CREB5,0
704,YY1_0,171,YY1,0
705,ZBTB18_0,170,ZBTB18,0
706,ZNF768_0,170,ZNF768,0
707,ELF3_0,170,ELF3,0
708,GTF2F1_0,169,GTF2F1,0
709,NR5A2_0,169,NR5A2,0
710,HNF1B_0,169,HNF1B,0
711,RELA_0,167,RELA,0
712,ZNF415_0,167,ZNF415,0
713,HLX_1,167,HLX,1
714,LHX5_0,167,LHX5,0
715,ETV3L_0,167,ETV3L,0
716,CDX4_0,166,CDX4,0
717,NR4A3_0,166,NR4A3,0
718,TGFB1I1_0,165,TGFB1I1,0
719,ZNF705B_0,164,ZNF705B,0
720,CDX1_0,164,CDX1,0
721,TULP3_0,164,TULP3,0
722,NFIL3_0,164,NFIL3,0
723,THAP5_0,163,THAP5,0
724,ZNF561_1,163,ZNF561,1
725,ZBTB22_0,163,ZBTB22,0
726,ZNF572_1,163,ZNF572,1
727,PAX9_0,162,PAX9,0
728,RNF2_0,162,RNF2,0
729,RORA_0,162,RORA,0
730,NEUROG1_0,161,NEUROG1,0
731,RCOR3_0,161,RCOR3,0
732,HOXD4_0,160,HOXD4,0
733,SMARCD1_0,160,SMARCD1,0
734,FOXL1_0,160,FOXL1,0
735,TFDP1_0,160,TFDP1,0
736,BHLHE40_0,159,BHLHE40,0
737,TP63_1,159,TP63,1
738,SMAD2_0,159,SMAD2,0
739,HOXC10_0,158,HOXC10,0
740,ZNF639_0,157,ZNF639,0
741,ASCL1_1,157,ASCL1,1
742,FUS_0,156,FUS,0
743,LMX1B_0,156,LMX1B,0
744,NKX6-1_0,156,NKX6-1,0
745,NHLH2_0,156,NHLH2,0
746,HNRNPK_0,156,HNRNPK,0
747,XRCC6_0,155,XRCC6,0
748,HKR1_0,155,HKR1,0
749,CREB3L1_0,155,CREB3L1,0
750,PATZ1_0,154,PATZ1,0
751,NR4A2_0,153,NR4A2,0
752,EGR2_0,153,EGR2,0
753,TFEB_0,152,TFEB,0
754,FOXM1_0,152,FOXM1,0
755,PURB_0,151,PURB,0
756,ISL2_0,151,ISL2,0
757,ASCL3_0,151,ASCL3,0
758,ZNF705D_0,150,ZNF705D,0
759,TAF4B_0,150,TAF4B,0
760,FOXD4L3_0,150,FOXD4L3,0
761,SP100_0,150,SP100,0
762,FLI1_0,150,FLI1,0
763,ZNF547_0,150,ZNF547,0
764,CERS6_0,147,CERS6,0
765,ZNF134_1,147,ZNF134,1
766,HMG20A_0,147,HMG20A,0
767,FOXO3_0,146,FOXO3,0
768,RELB_0,145,RELB,0
769,NFATC3_1,145,NFATC3,1
770,CIITA_0,144,CIITA,0
771,ZNF549_1,143,ZNF549,1
772,ZNF101_0,143,ZNF101,0
773,ZNF652_0,143,ZNF652,0
774,ZNF341_1,142,ZNF341,1
775,FOXD4L6_0,141,FOXD4L6,0
776,HSFX2_0,141,HSFX2,0
777,ASCL2_0,141,ASCL2,0
778,SP110_0,140,SP110,0
779,ELK3_1,139,ELK3,1
780,TERF1_0,138,TERF1,0
781,AP2B1_1,138,AP2B1,1
782,FIGLA_1,138,FIGLA,1
783,ZNF513_0,138,ZNF513,0
784,TGIF2LY_0,137,TGIF2LY,0
785,FOXJ3_0,137,FOXJ3,0
786,FOXI3_0,136,FOXI3,0
787,TBX5_0,136,TBX5,0
788,NFATC4_1,133,NFATC4,1
789,IRX6_0,132,IRX6,0
790,ZNF211_0,132,ZNF211,0
791,CTBP2_0,131,CTBP2,0
792,GBX1_1,131,GBX1,1
793,RFX3_0,131,RFX3,0
794,SPZ1_0,131,SPZ1,0
795,CTCF_0,129,CTCF,0
796,ZNF211_1,129,ZNF211,1
797,PAX7_0,128,PAX7,0
798,SIX6_0,128,SIX6,0
799,FOSL2_0,127,FOSL2,0
800,PIAS1_0,126,PIAS1,0
801,TBPL2_0,125,TBPL2,0
802,ZNF446_0,125,ZNF446,0
803,LHX2_0,125,LHX2,0
804,TBR1_1,124,TBR1,1
805,ZKSCAN8_1,124,ZKSCAN8,1
806,LHX1_0,124,LHX1,0
807,HMG20B_0,124,HMG20B,0
808,ZNF254_1,123,ZNF254,1
809,IRX3_0,123,IRX3,0
810,KLF10_0,123,KLF10,0
811,SMAD1_0,123,SMAD1,0
812,NHLH1_0,122,NHLH1,0
813,ERF_0,122,ERF,0
814,HDAC3_0,121,HDAC3,0
815,ZSCAN30_0,121,ZSCAN30,0
816,KLF11_1,120,KLF11,1
817,ZNF772_0,120,ZNF772,0
818,ZNF26_1,120,ZNF26,1
819,CEBPD_0,119,CEBPD,0
820,PAX6_1,118,PAX6,1
821,FOXO4_0,118,FOXO4,0
822,SOX9_1,117,SOX9,1
823,ZBTB12_0,117,ZBTB12,0
824,EZH2_1,117,EZH2,1
825,IKZF5_0,116,IKZF5,0
826,IRX1_0,115,IRX1,0
827,MSGN1_0,115,MSGN1,0
828,CDK9_0,115,CDK9,0
829,VAX2_0,115,VAX2,0
830,ZBED1_0,115,ZBED1,0
831,CERS5_0,115,CERS5,0
832,TWIST2_0,114,TWIST2,0
833,ZNF718_1,113,ZNF718,1
834,ZNF786_1,113,ZNF786,1
835,MAPK8IP1_0,112,MAPK8IP1,0
836,TBX4_0,112,TBX4,0
837,NF1_0,112,NF1,0
838,NR5A1_0,111,NR5A1,0
839,CTBP1_0,111,CTBP1,0
840,TGIF2_0,111,TGIF2,0
841,PITX3_0,110,PITX3,0
842,ALX1_0,110,ALX1,0
843,POU2F1_0,109,POU2F1,0
844,ASCL4_0,109,ASCL4,0
845,EGR3_0,109,EGR3,0
846,FOXD4_0,108,FOXD4,0
847,IRF9_0,108,IRF9,0
848,LHX4_0,108,LHX4,0
849,ZNF133_1,107,ZNF133,1
850,DLX5_0,106,DLX5,0
851,LCORL_0,106,LCORL,0
852,SP8_0,106,SP8,0
853,NR2C1_0,105,NR2C1,0
854,ZSCAN21_0,105,ZSCAN21,0
855,CIZ1_0,105,CIZ1,0
856,YBX2_0,104,YBX2,0
857,RORB_1,104,RORB,1
858,DMRTA2_0,104,DMRTA2,0
859,PA2G4_0,104,PA2G4,0
860,ZNF540_0,103,ZNF540,0
861,NFKBIA_0,103,NFKBIA,0
862,MEF2D_1,102,MEF2D,1
863,ZNF436_1,102,ZNF436,1
864,MTA3_0,101,MTA3,0
865,ZIC3_0,101,ZIC3,0
866,MBD2_0,101,MBD2,0
867,PSMD14_0,100,PSMD14,0
868,MYEF2_1,100,MYEF2,1
869,SNAPC2_0,100,SNAPC2,0
870,ZSCAN23_0,100,ZSCAN23,0
871,STRAP_0,99,STRAP,0
872,PURA_0,99,PURA,0
873,ZNF787_0,99,ZNF787,0
874,RFX8_0,99,RFX8,0
875,PIAS2_0,99,PIAS2,0
876,ETV5_0,99,ETV5,0
877,HSFX1_0,99,HSFX1,0
878,HDAC1_0,99,HDAC1,0
879,TEAD3_0,99,TEAD3,0
880,NFATC2_1,98,NFATC2,1
881,SETDB2_1,98,SETDB2,1
882,OTX1_0,98,OTX1,0
883,CRTC1_0,97,CRTC1,0
884,TAF6_0,97,TAF6,0
885,GTF2B_0,97,GTF2B,0
886,ZNF619_0,97,ZNF619,0
887,IKZF4_0,97,IKZF4,0
888,NFIB_1,97,NFIB,1
889,ZNF490_1,96,ZNF490,1
890,FOXA3_0,96,FOXA3,0
891,FOXB1_0,96,FOXB1,0
892,HOXD13_0,95,HOXD13,0
893,SIM2_0,95,SIM2,0
894,GMEB1_1,94,GMEB1,1
895,SRF_0,94,SRF,0
896,NR0B1_0,94,NR0B1,0
897,ZNF518A_1,93,ZNF518A,1
898,ATMIN_0,93,ATMIN,0
899,PRRX2_0,93,PRRX2,0
900,STAT5A_0,93,STAT5A,0
901,ZSCAN16_0,93,ZSCAN16,0
902,MAFA_0,92,MAFA,0
903,ZNF587_0,92,ZNF587,0
904,EOMES_1,91,EOMES,1
905,NR2F6_0,91,NR2F6,0
906,ZNF574_1,91,ZNF574,1
907,FOS_0,91,FOS,0
908,RUNX1T1_1,91,RUNX1T1,1
909,ZNF562_0,90,ZNF562,0
910,POU3F1_0,90,POU3F1,0
911,TULP4_0,89,TULP4,0
912,ZNF133_0,89,ZNF133,0
913,MAFB_0,89,MAFB,0
914,WHSC1_0,89,WHSC1,0
915,TSC22D4_0,88,TSC22D4,0
916,TSHZ1_0,88,TSHZ1,0
917,E2F1_0,88,E2F1,0
918,POU3F2_0,88,POU3F2,0
919,ZNF497_0,88,ZNF497,0
920,CREB1_0,88,CREB1,0
921,IRF4_0,88,IRF4,0
922,ZNF720_0,88,ZNF720,0
923,ZNF140_1,87,ZNF140,1
924,TBX6_0,87,TBX6,0
925,OTP_0,87,OTP,0
926,ZNF135_0,87,ZNF135,0
927,CDX2_0,87,CDX2,0
928,RFX5_0,86,RFX5,0
929,ZMIZ2_0,86,ZMIZ2,0
930,ZNF10_1,85,ZNF10,1
931,DMRTC1_0,85,DMRTC1,0
932,LMX1A_0,85,LMX1A,0
933,SP6_0,84,SP6,0
934,NR3C2_1,84,NR3C2,1
935,L3MBTL1_0,84,L3MBTL1,0
936,SP9_0,84,SP9,0
937,ZFP3_1,83,ZFP3,1
938,DNAJC1_0,83,DNAJC1,0
939,ESR1_0,83,ESR1,0
940,STAT3_0,83,STAT3,0
941,SOX13_0,83,SOX13,0
942,ZNF791_1,82,ZNF791,1
943,BHLHA9_0,82,BHLHA9,0
944,ARNT_0,82,ARNT,0
945,BARX2_0,81,BARX2,0
946,ZNF358_0,81,ZNF358,0
947,ZNF569_1,81,ZNF569,1
948,ZNF143_1,81,ZNF143,1
949,ARNTL_0,80,ARNTL,0
950,NOCT_0,80,NOCT,0
951,ZNF433_1,80,ZNF433,1
952,CSDE1_0,80,CSDE1,0
953,ARID3A_1,80,ARID3A,1
954,PROP1_0,80,PROP1,0
955,MEF2D_0,79,MEF2D,0
956,MIER3_0,79,MIER3,0
957,PMS1_1,79,PMS1,1
958,DMRTA1_0,79,DMRTA1,0
959,ZFX_1,79,ZFX,1
960,ZNF550_0,79,ZNF550,0
961,SP110_1,78,SP110,1
962,ZNF266_1,78,ZNF266,1
963,DMBX1_0,78,DMBX1,0
964,HDAC3_1,77,HDAC3,1
965,YAP1_1,77,YAP1,1
966,ZNF304_1,77,ZNF304,1
967,HBP1_0,77,HBP1,0
968,CARF_0,77,CARF,0
969,CXXC1_0,77,CXXC1,0
970,ZNF548_0,76,ZNF548,0
971,ERG_0,76,ERG,0
972,FOXA1_1,76,FOXA1,1
973,ZBTB24_0,76,ZBTB24,0
974,ATOH7_0,76,ATOH7,0
975,ZNF426_1,75,ZNF426,1
976,MLXIPL_0,75,MLXIPL,0
977,REPIN1_0,75,REPIN1,0
978,PRKCD_0,75,PRKCD,0
979,KLF11_0,75,KLF11,0
980,MYB_0,75,MYB,0
981,ZBTB43_0,74,ZBTB43,0
982,HNF1A_0,74,HNF1A,0
983,HDX_1,73,HDX,1
984,NFKB2_0,73,NFKB2,0
985,GABPA_0,73,GABPA,0
986,FERD3L_0,73,FERD3L,0
987,SOX8_0,73,SOX8,0
988,ZNF155_0,73,ZNF155,0
989,ASCL1_0,73,ASCL1,0
990,ZNF276_1,73,ZNF276,1
991,FOXG1_0,72,FOXG1,0
992,CSDE1_1,72,CSDE1,1
993,FEZF1_0,72,FEZF1,0
994,BCL3_0,72,BCL3,0
995,DBX2_0,72,DBX2,0
996,IRX5_0,72,IRX5,0
997,ARNTL2_0,72,ARNTL2,0
998,MEF2B_0,72,MEF2B,0
999,ZNF573_0,71,ZNF573,0
1000,MECP2_0,71,MECP2,0
1001,NFKBIZ_0,71,NFKBIZ,0
1002,ZNF506_0,71,ZNF506,0
1003,BSX_0,70,BSX,0
1004,GCM1_0,70,GCM1,0
1005,ZNF438_1,70,ZNF438,1
1006,ZSCAN31_0,70,ZSCAN31,0
1007,FOXA2_1,69,FOXA2,1
1008,RFXANK_1,69,RFXANK,1
1009,TFAP2E_0,69,TFAP2E,0
1010,ZNF512_0,69,ZNF512,0
1011,SOX2_0,69,SOX2,0
1012,CCNH_0,68,CCNH,0
1013,GTF3C2_1,68,GTF3C2,1
1014,ZBTB32_0,68,ZBTB32,0
1015,POU5F2_0,68,POU5F2,0
1016,GATA1_1,68,GATA1,1
1017,ZNF771_0,68,ZNF771,0
1018,GFI1B_0,67,GFI1B,0
1019,HSF4_0,67,HSF4,0
1020,PPP1R13B_1,67,PPP1R13B,1
1021,ZNF136_1,67,ZNF136,1
1022,ZBTB34_1,66,ZBTB34,1
1023,TBX15_0,66,TBX15,0
1024,SPIC_0,66,SPIC,0
1025,ZBTB8B_0,66,ZBTB8B,0
1026,GLIS1_0,66,GLIS1,0
1027,FOXN1_0,66,FOXN1,0
1028,ZNF480_0,66,ZNF480,0
1029,CTNNB1_0,66,CTNNB1,0
1030,TBX22_0,65,TBX22,0
1031,ZBTB5_0,65,ZBTB5,0
1032,KLF9_0,65,KLF9,0
1033,ZNF763_0,65,ZNF763,0
1034,CREB3L4_1,65,CREB3L4,1
1035,ZNF19_0,65,ZNF19,0
1036,HIC2_1,64,HIC2,1
1037,MYBL1_1,64,MYBL1,1
1038,SOX7_1,64,SOX7,1
1039,HHEX_0,64,HHEX,0
1040,EZH2_0,64,EZH2,0
1041,E2F3_0,64,E2F3,0
1042,FOXJ1_0,64,FOXJ1,0
1043,ARNTL2_1,64,ARNTL2,1
1044,ZXDC_0,64,ZXDC,0
1045,ALX3_0,63,ALX3,0
1046,GCM2_0,63,GCM2,0
1047,FOS_1,63,FOS,1
1048,NFIC_0,63,NFIC,0
1049,ZNF417_0,63,ZNF417,0
1050,ZNF37A_1,62,ZNF37A,1
1051,MYBL2_0,62,MYBL2,0
1052,LIN54_0,62,LIN54,0
1053,ZNF248_1,62,ZNF248,1
1054,ZIC1_0,62,ZIC1,0
1055,ZNF92_0,61,ZNF92,0
1056,TTF1_0,61,TTF1,0
1057,SOX10_0,61,SOX10,0
1058,NPAS1_1,61,NPAS1,1
1059,GTF2A2_0,61,GTF2A2,0
1060,TOX3_0,61,TOX3,0
1061,GATA3_0,61,GATA3,0
1062,ZNF331_0,61,ZNF331,0
1063,ZNF362_0,61,ZNF362,0
1064,ZNF189_1,61,ZNF189,1
1065,SMAD6_0,60,SMAD6,0
1066,TRIM27_0,60,TRIM27,0
1067,ZNF319_0,60,ZNF319,0
1068,TBX19_0,60,TBX19,0
1069,NFE2L2_0,60,NFE2L2,0
1070,NFIX_0,60,NFIX,0
1071,DMTF1_1,60,DMTF1,1
1072,ZBTB3_0,59,ZBTB3,0
1073,DLX3_0,59,DLX3,0
1074,ELF2_0,59,ELF2,0
1075,PPARA_0,59,PPARA,0
1076,ZNF778_1,59,ZNF778,1
1077,RCOR1_0,59,RCOR1,0
1078,ARID3B_0,58,ARID3B,0
1079,BCL6B_0,58,BCL6B,0
1080,MIER2_0,58,MIER2,0
1081,MAF_0,58,MAF,0
1082,E4F1_1,58,E4F1,1
1083,ZNF75D_1,57,ZNF75D,1
1084,LIN54_1,57,LIN54,1
1085,KCNIP2_1,57,KCNIP2,1
1086,THAP7_0,57,THAP7,0
1087,ZNF595_1,57,ZNF595,1
1088,ZNF257_0,57,ZNF257,0
1089,STAT2_0,57,STAT2,0
1090,ZNF286A_1,57,ZNF286A,1
1091,IKZF3_1,56,IKZF3,1
1092,ELMSAN1_0,56,ELMSAN1,0
1093,ZNF668_1,56,ZNF668,1
1094,ARNT2_0,56,ARNT2,0
1095,TCF7L2_1,56,TCF7L2,1
1096,ZNF114_0,56,ZNF114,0
1097,IGHMBP2_0,56,IGHMBP2,0
1098,BHLHA15_0,56,BHLHA15,0
1099,NFIA_0,56,NFIA,0
1100,PHOX2A_0,55,PHOX2A,0
1101,ISX_0,55,ISX,0
1102,TOX4_0,55,TOX4,0
1103,ZMYND11_1,55,ZMYND11,1
1104,CEBPE_0,55,CEBPE,0
1105,HOMEZ_0,54,HOMEZ,0
1106,ZNF559_1,54,ZNF559,1
1107,FLII_1,54,FLII,1
1108,NELFE_0,53,NELFE,0
1109,ZBTB17_0,53,ZBTB17,0
1110,SALL2_0,53,SALL2,0
1111,ZNF76_1,53,ZNF76,1
1112,ZNF684_0,53,ZNF684,0
1113,FOXN3_0,53,FOXN3,0
1114,AHRR_0,53,AHRR,0
1115,NR1D1_0,53,NR1D1,0
1116,FOXN2_0,53,FOXN2,0
1117,ZNF18_0,52,ZNF18,0
1118,ZNF283_0,52,ZNF283,0
1119,ZNF776_0,52,ZNF776,0
1120,ZNF121_1,52,ZNF121,1
1121,RCOR2_0,52,RCOR2,0
1122,ZXDB_1,52,ZXDB,1
1123,ETS2_0,52,ETS2,0
1124,NAT10_0,52,NAT10,0
1125,ZNF25_0,51,ZNF25,0
1126,HOXC11_0,51,HOXC11,0
1127,ZNF682_0,51,ZNF682,0
1128,ZNF546_1,51,ZNF546,1
1129,NKX2-8_0,51,NKX2-8,0
1130,WIZ_0,50,WIZ,0
1131,ZNF367_0,50,ZNF367,0
1132,JUP_0,50,JUP,0
1133,ALX4_0,50,ALX4,0
1134,CRTC3_0,49,CRTC3,0
1135,ZIC5_0,49,ZIC5,0
1136,NEUROD4_0,49,NEUROD4,0
1137,ZNF276_0,49,ZNF276,0
1138,TFE3_0,49,TFE3,0
1139,SUZ12_1,49,SUZ12,1
1140,GLI4_0,49,GLI4,0
1141,ZNF391_0,49,ZNF391,0
1142,RAX_0,49,RAX,0
1143,ZNF256_0,48,ZNF256,0
1144,ZNF408_0,48,ZNF408,0
1145,SUPT5H_1,48,SUPT5H,1
1146,PRDM12_0,48,PRDM12,0
1147,ZFP57_0,48,ZFP57,0
1148,ZNF157_0,48,ZNF157,0
1149,ZNF669_0,48,ZNF669,0
1150,CCNH_1,48,CCNH,1
1151,ZNF277_0,48,ZNF277,0
1152,STOX2_1,47,STOX2,1
1153,HOXA3_0,47,HOXA3,0
1154,ZFP36L1_0,47,ZFP36L1,0
1155,ZFP92_0,47,ZFP92,0
1156,THAP8_0,47,THAP8,0
1157,JARID2_1,46,JARID2,1
1158,ZNF324_0,46,ZNF324,0
1159,ZFP91_0,46,ZFP91,0
1160,MTF1_1,46,MTF1,1
1161,PLAG1_1,46,PLAG1,1
1162,ZNF311_1,46,ZNF311,1
1163,BARX1_0,46,BARX1,0
1164,EBF2_0,46,EBF2,0
1165,ZNF517_0,46,ZNF517,0
1166,ZNF551_1,46,ZNF551,1
1167,NKX2-6_0,45,NKX2-6,0
1168,GATA2_0,45,GATA2,0
1169,ZNF222_0,45,ZNF222,0
1170,PHOX2B_0,45,PHOX2B,0
1171,ZNF565_0,45,ZNF565,0
1172,ZNF785_0,45,ZNF785,0
1173,ILF3_1,45,ILF3,1
1174,SLC15A1_0,45,SLC15A1,0
1175,TBX18_0,45,TBX18,0
1176,ZNF681_1,45,ZNF681,1
1177,ZNF317_0,44,ZNF317,0
1178,REL_0,44,REL,0
1179,ZNF415_1,44,ZNF415,1
1180,ZNF705A_0,44,ZNF705A,0
1181,NFATC2_0,44,NFATC2,0
1182,ZNF568_1,44,ZNF568,1
1183,ZNF215_0,43,ZNF215,0
1184,NFRKB_1,43,NFRKB,1
1185,LRRFIP1_0,43,LRRFIP1,0
1186,ZNF460_0,43,ZNF460,0
1187,ZBTB20_0,43,ZBTB20,0
1188,CTCFL_1,43,CTCFL,1
1189,GBX1_0,42,GBX1,0
1190,TRIM22_0,42,TRIM22,0
1191,L3MBTL4_0,42,L3MBTL4,0
1192,DBX1_0,42,DBX1,0
1193,IRX4_0,42,IRX4,0
1194,ZNF300_1,42,ZNF300,1
1195,NEUROG3_0,42,NEUROG3,0
1196,ZNF205_0,42,ZNF205,0
1197,ELF2_1,42,ELF2,1
1198,MYRF_1,42,MYRF,1
1199,ZNF34_0,42,ZNF34,0
1200,ZNF304_0,42,ZNF304,0
1201,SCRT1_0,41,SCRT1,0
1202,THAP2_0,41,THAP2,0
1203,RPA1_0,41,RPA1,0
1204,HMGXB4_0,41,HMGXB4,0
1205,RORC_0,41,RORC,0
1206,SREBF1_1,41,SREBF1,1
1207,FOXD3_0,41,FOXD3,0
1208,VAV1_0,40,VAV1,0
1209,IRX2_0,40,IRX2,0
1210,ZBTB7B_0,40,ZBTB7B,0
1211,YY2_0,40,YY2,0
1212,ZNF501_0,40,ZNF501,0
1213,ZXDA_0,40,ZXDA,0
1214,TLE1_0,40,TLE1,0
1215,HAND2_0,40,HAND2,0
1216,TULP2_0,40,TULP2,0
1217,ZBTB26_0,40,ZBTB26,0
1218,POU5F1B_0,39,POU5F1B,0
1219,AIRE_0,39,AIRE,0
1220,BHLHE41_0,39,BHLHE41,0
1221,POU6F2_0,39,POU6F2,0
1222,SMAD5_0,39,SMAD5,0
1223,NR6A1_1,39,NR6A1,1
1224,ZNF175_1,39,ZNF175,1
1225,GTF2H2_0,39,GTF2H2,0
1226,SIX4_1,38,SIX4,1
1227,ZNF671_0,38,ZNF671,0
1228,ZNF630_0,38,ZNF630,0
1229,RFX4_0,38,RFX4,0
1230,GSX1_0,38,GSX1,0
1231,ZNF140_0,38,ZNF140,0
1232,SP140L_0,38,SP140L,0
1233,RFX2_0,38,RFX2,0
1234,SKIL_0,38,SKIL,0
1235,ZNF195_1,38,ZNF195,1
1236,XRCC5_0,38,XRCC5,0
1237,TOX_0,38,TOX,0
1238,ZBTB10_1,38,ZBTB10,1
1239,ZIC2_0,38,ZIC2,0
1240,PPP1R13L_1,37,PPP1R13L,1
1241,FIGLA_0,37,FIGLA,0
1242,ZNF423_1,37,ZNF423,1
1243,SALL4_1,37,SALL4,1
1244,FOXN4_0,37,FOXN4,0
1245,ZNF263_1,37,ZNF263,1
1246,ZNF597_0,37,ZNF597,0
1247,SOX5_1,37,SOX5,1
1248,ZNF461_0,37,ZNF461,0
1249,SOX6_1,37,SOX6,1
1250,BCL6_0,36,BCL6,0
1251,FOXD2_0,36,FOXD2,0
1252,NR3C1_0,36,NR3C1,0
1253,NFE2L3_0,36,NFE2L3,0
1254,KLF3_0,36,KLF3,0
1255,ZNF138_1,36,ZNF138,1
1256,TFAP2C_0,36,TFAP2C,0
1257,ZNF485_0,36,ZNF485,0
1258,ZNF70_0,36,ZNF70,0
1259,ZNF57_0,35,ZNF57,0
1260,ZNF512B_1,35,ZNF512B,1
1261,SATB2_1,35,SATB2,1
1262,MYNN_0,35,MYNN,0
1263,BARHL2_0,35,BARHL2,0
1264,ZNF484_1,35,ZNF484,1
1265,ANHX_0,35,ANHX,0
1266,BRPF1_1,35,BRPF1,1
1267,HAND1_0,35,HAND1,0
1268,EGR1_0,35,EGR1,0
1269,ZBTB14_1,35,ZBTB14,1
1270,SP4_1,35,SP4,1
1271,MESP1_0,35,MESP1,0
1272,ZNF529_0,35,ZNF529,0
1273,ZNF566_1,35,ZNF566,1
1274,TCF25_0,34,TCF25,0
1275,FOXQ1_0,34,FOXQ1,0
1276,CTCF_1,34,CTCF,1
1277,MLLT1_0,34,MLLT1,0
1278,ZNF701_0,34,ZNF701,0
1279,HDAC5_0,34,HDAC5,0
1280,ZNF846_1,34,ZNF846,1
1281,ZSCAN25_0,34,ZSCAN25,0
1282,MYOD1_0,34,MYOD1,0
1283,ZNF577_0,34,ZNF577,0
1284,NKX2-2_0,34,NKX2-2,0
1285,ATF4_0,34,ATF4,0
1286,VAV1_1,33,VAV1,1
1287,ZNF212_0,33,ZNF212,0
1288,TSC22D2_0,33,TSC22D2,0
1289,TRIM24_1,33,TRIM24,1
1290,ZNF132_1,33,ZNF132,1
1291,DLX2_0,33,DLX2,0
1292,TXK_0,33,TXK,0
1293,SNAPC1_0,33,SNAPC1,0
1294,ZNF213_0,33,ZNF213,0
1295,ZNF383_0,33,ZNF383,0
1296,ONECUT2_0,32,ONECUT2,0
1297,NPAS3_1,32,NPAS3,1
1298,VENTX_0,32,VENTX,0
1299,ZNF451_0,32,ZNF451,0
1300,OLIG2_0,32,OLIG2,0
1301,ZNF250_0,32,ZNF250,0
1302,ZNF85_1,32,ZNF85,1
1303,ZNF662_0,32,ZNF662,0
1304,FOXO1_0,32,FOXO1,0
1305,THRB_0,32,THRB,0
1306,ZNF30_1,32,ZNF30,1
1307,GTF2H1_0,32,GTF2H1,0
1308,EZH1_0,32,EZH1,0
1309,TRERF1_1,32,TRERF1,1
1310,LCOR_0,32,LCOR,0
1311,MLLT10_1,31,MLLT10,1
1312,ZNF713_0,31,ZNF713,0
1313,ZNF227_1,31,ZNF227,1
1314,GLIS3_0,31,GLIS3,0
1315,ZSCAN12_0,31,ZSCAN12,0
1316,ZNF746_1,31,ZNF746,1
1317,ZNF93_1,31,ZNF93,1
1318,TFAP2B_0,31,TFAP2B,0
1319,SOX1_0,31,SOX1,0
1320,ZNF239_0,31,ZNF239,0
1321,RAD21_0,31,RAD21,0
1322,ZNF274_0,31,ZNF274,0
1323,LZTR1_0,30,LZTR1,0
1324,THAP11_0,30,THAP11,0
1325,RORB_0,30,RORB,0
1326,MYB_1,30,MYB,1
1327,GATA1_0,30,GATA1,0
1328,ZNF131_0,30,ZNF131,0
1329,GATAD2A_0,30,GATAD2A,0
1330,HSF1_0,30,HSF1,0
1331,ZNF709_1,30,ZNF709,1
1332,INSM1_0,30,INSM1,0
1333,ZBTB39_0,30,ZBTB39,0
1334,ATOH1_0,30,ATOH1,0
1335,MLXIP_0,30,MLXIP,0
1336,DAXX_0,29,DAXX,0
1337,MESP2_0,29,MESP2,0
1338,TGIF2LX_0,29,TGIF2LX,0
1339,CCNT2_0,29,CCNT2,0
1340,SOX18_0,29,SOX18,0
1341,STAT1_0,29,STAT1,0
1342,ZNF202_0,29,ZNF202,0
1343,GZF1_1,29,GZF1,1
1344,NFKB1_1,29,NFKB1,1
1345,FOSL1_1,29,FOSL1,1
1346,FOXD1_0,29,FOXD1,0
1347,ELF1_0,29,ELF1,0
1348,ZNF816_1,28,ZNF816,1
1349,SMAD4_0,28,SMAD4,0
1350,ZNF829_0,28,ZNF829,0
1351,MYBBP1A_1,28,MYBBP1A,1
1352,POU4F2_0,28,POU4F2,0
1353,BRCA1_0,28,BRCA1,0
1354,ZNF71_0,28,ZNF71,0
1355,HES1_0,28,HES1,0
1356,HOXC13_0,28,HOXC13,0
1357,ZNF805_0,28,ZNF805,0
1358,NR2C2_0,28,NR2C2,0
1359,ZNF449_0,28,ZNF449,0
1360,NRF1_0,27,NRF1,0
1361,MYC_1,27,MYC,1
1362,TFAP4_0,27,TFAP4,0
1363,POU4F3_0,27,POU4F3,0
1364,ZNF285_0,27,ZNF285,0
1365,SIX5_0,27,SIX5,0
1366,TSHZ2_1,27,TSHZ2,1
1367,ZNF200_0,27,ZNF200,0
1368,HOXD11_0,27,HOXD11,0
1369,NPAS3_0,27,NPAS3,0
1370,ZIM2_0,27,ZIM2,0
1371,HMX3_0,27,HMX3,0
1372,ZNF835_0,26,ZNF835,0
1373,TP53BP2_1,26,TP53BP2,1
1374,SOX12_0,26,SOX12,0
1375,RBL2_1,26,RBL2,1
1376,ZNF200_1,26,ZNF200,1
1377,DLX6_0,26,DLX6,0
1378,ZNF322_0,26,ZNF322,0
1379,DMRTB1_0,26,DMRTB1,0
1380,ZNF689_0,26,ZNF689,0
1381,FOXK2_1,26,FOXK2,1
1382,ERCC3_0,26,ERCC3,0
1383,RUNX3_0,26,RUNX3,0
1384,FUBP1_0,26,FUBP1,0
1385,E2F8_1,26,E2F8,1
1386,ZNF880_1,26,ZNF880,1
1387,ZNF404_0,26,ZNF404,0
1388,GRHL2_1,26,GRHL2,1
1389,MBD1_1,26,MBD1,1
1390,ZNF528_1,26,ZNF528,1
1391,ZNF708_1,26,ZNF708,1
1392,KLF13_0,26,KLF13,0
1393,ZNF793_0,26,ZNF793,0
1394,AFF3_1,26,AFF3,1
1395,NEUROD1_0,26,NEUROD1,0
1396,SALL4_0,26,SALL4,0
1397,GATA5_0,26,GATA5,0
1398,ZNF677_1,26,ZNF677,1
1399,TBX21_0,26,TBX21,0
1400,ZNF75A_0,25,ZNF75A,0
1401,ZNF557_0,25,ZNF557,0
1402,PRDM5_0,25,PRDM5,0
1403,RUNX2_1,25,RUNX2,1
1404,NR2F1_0,25,NR2F1,0
1405,FEZF2_0,25,FEZF2,0
1406,ZGLP1_0,25,ZGLP1,0
1407,ZFP14_0,25,ZFP14,0
1408,PRDM14_0,25,PRDM14,0
1409,PRDM4_0,25,PRDM4,0
1410,CIITA_1,25,CIITA,1
1411,MBD2_1,25,MBD2,1
1412,POU3F3_0,25,POU3F3,0
1413,POU4F1_1,24,POU4F1,1
1414,HOXC12_1,24,HOXC12,1
1415,ZNF77_1,24,ZNF77,1
1416,FEV_0,24,FEV,0
1417,ZNF280B_0,24,ZNF280B,0
1418,ZNF530_0,24,ZNF530,0
1419,ZNF124_1,24,ZNF124,1
1420,IKZF1_1,24,IKZF1,1
1421,ZFP62_0,24,ZFP62,0
1422,NKX2-1_0,24,NKX2-1,0
1423,CRTC2_0,24,CRTC2,0
1424,PIAS4_0,24,PIAS4,0
1425,REXO1_0,24,REXO1,0
1426,ZNF286A_0,24,ZNF286A,0
1427,ZFP2_0,24,ZFP2,0
1428,RBMS1_0,23,RBMS1,0
1429,ZNF100_0,23,ZNF100,0
1430,FOXC2_1,23,FOXC2,1
1431,ZNF567_1,23,ZNF567,1
1432,ZNF660_0,23,ZNF660,0
1433,ZNF775_0,23,ZNF775,0
1434,ZFP30_0,23,ZFP30,0
1435,AKNA_0,23,AKNA,0
1436,SETDB2_0,23,SETDB2,0
1437,ZNF33A_0,23,ZNF33A,0
1438,CAMTA2_1,23,CAMTA2,1
1439,UNCX_1,23,UNCX,1
1440,ZNF544_1,23,ZNF544,1
1441,SKIL_1,23,SKIL,1
1442,ZNF23_1,23,ZNF23,1
1443,OVOL2_0,23,OVOL2,0
1444,ONECUT1_0,23,ONECUT1,0
1445,ZNF780B_1,23,ZNF780B,1
1446,ARID5B_1,23,ARID5B,1
1447,SSRP1_0,22,SSRP1,0
1448,ZNF561_0,22,ZNF561,0
1449,ZSCAN32_0,22,ZSCAN32,0
1450,ARNTL_1,22,ARNTL,1
1451,EN1_0,22,EN1,0
1452,PITX1_0,22,PITX1,0
1453,ZFY_1,22,ZFY,1
1454,FOXB2_0,22,FOXB2,0
1455,ZNF177_0,22,ZNF177,0
1456,BACH1_0,22,BACH1,0
1457,ZNF710_0,22,ZNF710,0
1458,ZNF286B_1,22,ZNF286B,1
1459,ZNF41_1,22,ZNF41,1
1460,HOXD9_1,21,HOXD9,1
1461,ZNF154_0,21,ZNF154,0
1462,LRRFIP1_1,21,LRRFIP1,1
1463,PRDM9_1,21,PRDM9,1
1464,SFPQ_0,21,SFPQ,0
1465,ONECUT3_0,21,ONECUT3,0
1466,ZNF17_0,21,ZNF17,0
1467,GSX2_0,21,GSX2,0
1468,ZNF418_0,21,ZNF418,0
1469,ZNF799_0,21,ZNF799,0
1470,ZNF879_1,21,ZNF879,1
1471,ZNF480_1,21,ZNF480,1
1472,TLX2_0,21,TLX2,0
1473,SIM1_0,21,SIM1,0
1474,ZNF280A_0,21,ZNF280A,0
1475,ZSCAN4_0,21,ZSCAN4,0
1476,ZNF420_1,21,ZNF420,1
1477,UHRF1_0,20,UHRF1,0
1478,STAT5B_0,20,STAT5B,0
1479,ZNF799_1,20,ZNF799,1
1480,GTF2IRD1_0,20,GTF2IRD1,0
1481,HOXD3_0,20,HOXD3,0
1482,ZSCAN9_0,20,ZSCAN9,0
1483,MAML1_1,20,MAML1,1
1484,ZNF607_0,20,ZNF607,0
1485,ZNF653_0,20,ZNF653,0
1486,ZNF670_0,20,ZNF670,0
1487,FOXF2_0,20,FOXF2,0
1488,EBF4_0,20,EBF4,0
1489,SNW1_0,20,SNW1,0
1490,SP1_1,20,SP1,1
1491,PRDM10_1,20,PRDM10,1
1492,ZNF7_1,20,ZNF7,1
1493,DNAJC2_0,19,DNAJC2,0
1494,ZBTB34_0,19,ZBTB34,0
1495,SNAPC3_0,19,SNAPC3,0
1496,ZNF623_0,19,ZNF623,0
1497,PAXBP1_1,19,PAXBP1,1
1498,FOXE3_0,19,FOXE3,0
1499,ZNF253_0,19,ZNF253,0
1500,ZNF431_1,19,ZNF431,1
1501,ZNF569_0,19,ZNF569,0
1502,ZNF169_0,19,ZNF169,0
1503,ZNF382_1,19,ZNF382,1
1504,SMARCC2_1,19,SMARCC2,1
1505,ZNF341_0,19,ZNF341,0
1506,ZNF223_0,19,ZNF223,0
1507,HOXB13_0,19,HOXB13,0
1508,ZNF235_1,19,ZNF235,1
1509,NKRF_0,19,NKRF,0
1510,KLF15_0,19,KLF15,0
1511,ZSCAN22_0,19,ZSCAN22,0
1512,ZNF131_1,19,ZNF131,1
1513,LIN9_0,19,LIN9,0
1514,ZNF585A_1,19,ZNF585A,1
1515,RBL1_0,19,RBL1,0
1516,ZBTB1_0,18,ZBTB1,0
1517,ZNF214_1,18,ZNF214,1
1518,ZNF554_1,18,ZNF554,1
1519,ZNF33A_1,18,ZNF33A,1
1520,EVX2_0,18,EVX2,0
1521,ZBTB6_0,18,ZBTB6,0
1522,E4F1_0,18,E4F1,0
1523,CEBPA_0,18,CEBPA,0
1524,ZSCAN2_1,18,ZSCAN2,1
1525,ZNF780A_1,18,ZNF780A,1
1526,ZBTB2_1,18,ZBTB2,1
1527,DEAF1_0,18,DEAF1,0
1528,VEZF1_1,18,VEZF1,1
1529,ZNF687_1,18,ZNF687,1
1530,BHMG1_0,18,BHMG1,0
1531,FOXE1_0,17,FOXE1,0
1532,ZNF345_0,17,ZNF345,0
1533,ZNF443_1,17,ZNF443,1
1534,ZNF571_0,17,ZNF571,0
1535,ETV6_0,17,ETV6,0
1536,ZNF726_1,17,ZNF726,1
1537,DMRT1_0,17,DMRT1,0
1538,ZNF674_0,17,ZNF674,0
1539,ZHX3_1,17,ZHX3,1
1540,ZNF23_0,17,ZNF23,0
1541,ZNF76_0,17,ZNF76,0
1542,ZNF12_1,17,ZNF12,1
1543,ZBTB7A_0,17,ZBTB7A,0
1544,GATAD2B_0,17,GATAD2B,0
1545,DNAJC2_1,17,DNAJC2,1
1546,ADAR_0,17,ADAR,0
1547,ZBTB7C_1,17,ZBTB7C,1
1548,ZNF43_1,17,ZNF43,1
1549,GATA4_1,17,GATA4,1
1550,ZNF841_0,17,ZNF841,0
1551,ZNF117_0,17,ZNF117,0
1552,GLIS2_1,17,GLIS2,1
1553,NKX1-1_1,17,NKX1-1,1
1554,FOXF1_0,16,FOXF1,0
1555,FOXR2_0,16,FOXR2,0
1556,ZBTB47_1,16,ZBTB47,1
1557,ZNF273_1,16,ZNF273,1
1558,ZNF837_0,16,ZNF837,0
1559,KAT2A_0,16,KAT2A,0
1560,ZNF143_0,16,ZNF143,0
1561,NFATC3_0,16,NFATC3,0
1562,ZNF675_1,16,ZNF675,1
1563,ASCL5_0,16,ASCL5,0
1564,ZNF267_1,16,ZNF267,1
1565,ZNF492_0,16,ZNF492,0
1566,BORCS8-MEF2B_0,16,BORCS8-MEF2B,0
1567,ZNF610_0,16,ZNF610,0
1568,ZNF765_0,16,ZNF765,0
1569,ZNF160_1,16,ZNF160,1
1570,MYOCD_0,16,MYOCD,0
1571,FOXA2_0,16,FOXA2,0
1572,VSX2_0,16,VSX2,0
1573,ZNF749_0,16,ZNF749,0
1574,ZNF107_0,16,ZNF107,0
1575,TP73_1,16,TP73,1
1576,KLF14_0,16,KLF14,0
1577,PRDM1_0,16,PRDM1,0
1578,GTF2I_1,16,GTF2I,1
1579,BRPF1_0,16,BRPF1,0
1580,ZNF774_0,16,ZNF774,0
1581,ZBTB10_0,16,ZBTB10,0
1582,CNOT3_0,16,CNOT3,0
1583,IKZF2_0,16,IKZF2,0
1584,ZNF229_1,16,ZNF229,1
1585,ZNF468_1,16,ZNF468,1
1586,ZFP36L2_0,15,ZFP36L2,0
1587,ZBED6_0,15,ZBED6,0
1588,GLI1_0,15,GLI1,0
1589,ZBTB21_0,15,ZBTB21,0
1590,ZFP37_1,15,ZFP37,1
1591,RHOXF1_0,15,RHOXF1,0
1592,AP2B1_0,15,AP2B1,0
1593,MSX1_0,15,MSX1,0
1594,SCX_1,15,SCX,1
1595,KDM5C_1,15,KDM5C,1
1596,ZNF568_0,15,ZNF568,0
1597,ZNF649_0,15,ZNF649,0
1598,ZNF43_0,15,ZNF43,0
1599,IRF1_0,15,IRF1,0
1600,CCNT1_1,15,CCNT1,1
1601,ARGFX_0,15,ARGFX,0
1602,ZNF320_0,15,ZNF320,0
1603,ZNF697_0,15,ZNF697,0
1604,ZFP28_1,15,ZFP28,1
1605,HIC1_1,15,HIC1,1
1606,ZNF141_0,15,ZNF141,0
1607,ZNF556_0,15,ZNF556,0
1608,NKX2-3_0,15,NKX2-3,0
1609,ZNF766_0,15,ZNF766,0
1610,BACH2_0,15,BACH2,0
1611,AFF2_1,15,AFF2,1
1612,SIX3_0,14,SIX3,0
1613,ZBTB33_0,14,ZBTB33,0
1614,ZNF33B_0,14,ZNF33B,0
1615,IKZF2_1,14,IKZF2,1
1616,JARID2_0,14,JARID2,0
1617,GMEB1_0,14,GMEB1,0
1618,NR3C2_0,14,NR3C2,0
1619,ZNF382_0,14,ZNF382,0
1620,FOXJ2_0,14,FOXJ2,0
1621,BNC1_1,14,BNC1,1
1622,ZNF486_1,14,ZNF486,1
1623,ZNF813_1,14,ZNF813,1
1624,BARHL1_0,14,BARHL1,0
1625,ZNF347_1,14,ZNF347,1
1626,KAT7_1,14,KAT7,1
1627,PLK4_0,14,PLK4,0
1628,SALL1_1,14,SALL1,1
1629,FOXI2_0,14,FOXI2,0
1630,HIC1_0,14,HIC1,0
1631,ZNF781_0,14,ZNF781,0
1632,ZNF574_0,14,ZNF574,0
1633,ZNF264_0,14,ZNF264,0
1634,ZNF98_0,14,ZNF98,0
1635,ZFAT_1,14,ZFAT,1
1636,ZNF496_0,14,ZNF496,0
1637,ZNF616_1,14,ZNF616,1
1638,SOX11_0,14,SOX11,0
1639,ZNF337_0,14,ZNF337,0
1640,ZIM3_0,13,ZIM3,0
1641,ZNF800_0,13,ZNF800,0
1642,TAF1B_0,13,TAF1B,0
1643,TAF5_0,13,TAF5,0
1644,PRDM5_1,13,PRDM5,1
1645,SP3_1,13,SP3,1
1646,ZNF30_0,13,ZNF30,0
1647,NKX2-4_0,13,NKX2-4,0
1648,ZSCAN30_1,13,ZSCAN30,1
1649,TFAP2D_0,13,TFAP2D,0
1650,ZNF611_0,13,ZNF611,0
1651,ZNF808_1,13,ZNF808,1
1652,ZNF852_0,13,ZNF852,0
1653,BCL11A_1,13,BCL11A,1
1654,ZKSCAN4_0,13,ZKSCAN4,0
1655,ZNF853_0,13,ZNF853,0
1656,ZNF224_1,13,ZNF224,1
1657,ZNF75D_0,13,ZNF75D,0
1658,ZNF732_1,13,ZNF732,1
1659,NFYC_1,13,NFYC,1
1660,ZNF184_0,13,ZNF184,0
1661,FLII_0,13,FLII,0
1662,ZNF582_0,13,ZNF582,0
1663,ZFY_0,13,ZFY,0
1664,SP100_1,12,SP100,1
1665,TERF2_0,12,TERF2,0
1666,ZNF667_0,12,ZNF667,0
1667,ZNF770_0,12,ZNF770,0
1668,ZNF625_0,12,ZNF625,0
1669,ZNF442_0,12,ZNF442,0
1670,IFI16_0,12,IFI16,0
1671,MYSM1_1,12,MYSM1,1
1672,ZNF527_1,12,ZNF527,1
1673,ZNF227_0,12,ZNF227,0
1674,BBX_1,12,BBX,1
1675,ZNF219_1,12,ZNF219,1
1676,IRF2_0,12,IRF2,0
1677,ZNF567_0,12,ZNF567,0
1678,ZNF682_1,12,ZNF682,1
1679,ZNF439_0,12,ZNF439,0
1680,ZNF549_0,12,ZNF549,0
1681,ZBTB46_1,12,ZBTB46,1
1682,ZNF629_0,12,ZNF629,0
1683,HIF1A_0,12,HIF1A,0
1684,ZNF329_1,12,ZNF329,1
1685,KDM5B_0,12,KDM5B,0
1686,HDAC4_1,12,HDAC4,1
1687,ZHX2_1,12,ZHX2,1
1688,SOX21_0,12,SOX21,0
1689,DMTF1_0,12,DMTF1,0
1690,ZNF467_0,12,ZNF467,0
1691,MXI1_1,12,MXI1,1
1692,CLOCK_0,12,CLOCK,0
1693,PLAG1_0,12,PLAG1,0
1694,SOX4_1,12,SOX4,1
1695,ZNF644_1,12,ZNF644,1
1696,TRIM28_0,12,TRIM28,0
1697,ZNF555_0,12,ZNF555,0
1698,ZNF221_1,12,ZNF221,1
1699,ZNF790_0,11,ZNF790,0
1700,LBX1_0,11,LBX1,0
1701,NEUROD6_0,11,NEUROD6,0
1702,ARX_0,11,ARX,0
1703,NFKB1_0,11,NFKB1,0
1704,ZNF99_1,11,ZNF99,1
1705,GFI1_0,11,GFI1,0
1706,NPAS2_0,11,NPAS2,0
1707,VAX1_1,11,VAX1,1
1708,SOX17_0,11,SOX17,0
1709,UBTF_1,11,UBTF,1
1710,PROX1_1,11,PROX1,1
1711,CAPN15_0,11,CAPN15,0
1712,ZNF878_0,11,ZNF878,0
1713,PLK4_1,11,PLK4,1
1714,BBX_0,11,BBX,0
1715,NKX6-2_0,11,NKX6-2,0
1716,ZNF730_1,11,ZNF730,1
1717,ZNF654_0,11,ZNF654,0
1718,FOXO6_0,11,FOXO6,0
1719,FOXL2_0,11,FOXL2,0
1720,ZNF543_0,11,ZNF543,0
1721,ELF4_0,11,ELF4,0
1722,TBX3_1,11,TBX3,1
1723,ZBTB16_0,11,ZBTB16,0
1724,ZNF440_0,11,ZNF440,0
1725,ZNF454_0,11,ZNF454,0
1726,ZNF181_0,11,ZNF181,0
1727,YEATS4_1,11,YEATS4,1
1728,AATF_0,11,AATF,0
1729,SP3_0,10,SP3,0
1730,STOX1_1,10,STOX1,1
1731,SKI_0,10,SKI,0
1732,EN2_0,10,EN2,0
1733,ETV4_1,10,ETV4,1
1734,ZFAT_0,10,ZFAT,0
1735,INSM2_0,10,INSM2,0
1736,TCEB3_0,10,TCEB3,0
1737,PLAGL2_0,10,PLAGL2,0
1738,TSHZ3_1,10,TSHZ3,1
1739,ZBTB40_0,10,ZBTB40,0
1740,SP7_1,10,SP7,1
1741,ZNF429_1,10,ZNF429,1
1742,CAMTA2_0,10,CAMTA2,0
1743,ZNF430_0,10,ZNF430,0
1744,ZNF564_1,10,ZNF564,1
1745,ZNF778_0,10,ZNF778,0
1746,UBTF_0,10,UBTF,0
1747,EVX1_0,10,EVX1,0
1748,MNT_0,10,MNT,0
1749,ZNF324B_0,10,ZNF324B,0
1750,KLF12_0,10,KLF12,0
1751,FIZ1_0,10,FIZ1,0
1752,ZNF20_0,10,ZNF20,0
1753,ZNF416_0,10,ZNF416,0
1754,ZNF44_1,10,ZNF44,1
1755,STAT4_0,10,STAT4,0
1756,TP53BP2_0,10,TP53BP2,0
1757,ZNF792_0,10,ZNF792,0
1758,ZNF502_1,10,ZNF502,1
1759,ZNF354A_1,10,ZNF354A,1
1760,HMX2_0,10,HMX2,0
1761,ZNF578_1,10,ZNF578,1
1762,ZNF296_0,10,ZNF296,0
1763,HES5_1,10,HES5,1
1764,SP2_1,10,SP2,1
1765,CEBPZ_1,10,CEBPZ,1
1766,FOXK1_0,10,FOXK1,0
1767,ZNF260_0,10,ZNF260,0
1768,ZNF514_0,9,ZNF514,0
1769,E2F7_1,9,E2F7,1
1770,HSF5_1,9,HSF5,1
1771,ZNF614_1,9,ZNF614,1
1772,ZFP69B_0,9,ZFP69B,0
1773,ZNF230_0,9,ZNF230,0
1774,ZNF618_1,9,ZNF618,1
1775,ZNF860_1,9,ZNF860,1
1776,THAP9_0,9,THAP9,0
1777,MTA1_1,9,MTA1,1
1778,DDB1_0,9,DDB1,0
1779,RFX1_1,9,RFX1,1
1780,ZNF32_0,9,ZNF32,0
1781,ZNF526_0,9,ZNF526,0
1782,PSIP1_1,9,PSIP1,1
1783,ZNF491_0,9,ZNF491,0
1784,ZNF585B_1,9,ZNF585B,1
1785,ZNF627_0,9,ZNF627,0
1786,PRDM10_0,9,PRDM10,0
1787,EPAS1_0,9,EPAS1,0
1788,PRDM8_0,9,PRDM8,0
1789,ZNF676_0,9,ZNF676,0
1790,ZSCAN5B_0,9,ZSCAN5B,0
1791,ZBTB48_0,9,ZBTB48,0
1792,ZNF883_0,9,ZNF883,0
1793,ZNF284_0,9,ZNF284,0
1794,ZBTB42_0,9,ZBTB42,0
1795,ZNF558_0,9,ZNF558,0
1796,ZNF668_0,9,ZNF668,0
1797,ZNF737_0,9,ZNF737,0
1798,ZNF280D_1,9,ZNF280D,1
1799,ZNF596_1,9,ZNF596,1
1800,POU2F2_1,8,POU2F2,1
1801,NKX1-2_0,8,NKX1-2,0
1802,RBL1_1,8,RBL1,1
1803,ZBTB17_1,8,ZBTB17,1
1804,PBX3_1,8,PBX3,1
1805,ZNF425_0,8,ZNF425,0
1806,ESX1_0,8,ESX1,0
1807,ZNF735_0,8,ZNF735,0
1808,ZNF35_0,8,ZNF35,0
1809,TRIM24_0,8,TRIM24,0
1810,PES1_1,8,PES1,1
1811,SREBF2_0,8,SREBF2,0
1812,ZFP42_1,8,ZFP42,1
1813,ZNF519_0,8,ZNF519,0
1814,WDHD1_1,8,WDHD1,1
1815,TBX3_0,8,TBX3,0
1816,CEBPB_0,8,CEBPB,0
1817,ZNF736_1,8,ZNF736,1
1818,PPARGC1A_0,8,PPARGC1A,0
1819,ZNF354C_0,8,ZNF354C,0
1820,TBX2_1,8,TBX2,1
1821,ZNF613_1,8,ZNF613,1
1822,PRDM1_1,8,PRDM1,1
1823,ZNF586_1,8,ZNF586,1
1824,NEUROG2_0,8,NEUROG2,0
1825,ZNF483_1,8,ZNF483,1
1826,KDM5D_1,8,KDM5D,1
1827,TLX3_0,7,TLX3,0
1828,ZNF599_1,7,ZNF599,1
1829,HOXA13_0,7,HOXA13,0
1830,NKX3-2_0,7,NKX3-2,0
1831,ZNF678_0,7,ZNF678,0
1832,POU4F1_0,7,POU4F1,0
1833,CCDC169-SOHLH2_0,7,CCDC169-SOHLH2,0
1834,NEUROD2_0,7,NEUROD2,0
1835,ZNF274_1,7,ZNF274,1
1836,FOXC1_0,7,FOXC1,0
1837,ZNF83_0,7,ZNF83,0
1838,ZNF165_1,7,ZNF165,1
1839,ZNF148_0,7,ZNF148,0
1840,ZNF350_0,7,ZNF350,0
1841,ZNF234_1,7,ZNF234,1
1842,SMARCA1_1,7,SMARCA1,1
1843,ZNF846_0,7,ZNF846,0
1844,ZNF658_1,7,ZNF658,1
1845,ZNF182_1,7,ZNF182,1
1846,ZNF225_0,7,ZNF225,0
1847,ZNF716_1,7,ZNF716,1
1848,ZNF679_0,7,ZNF679,0
1849,TCFL5_0,7,TCFL5,0
1850,NPAS4_1,7,NPAS4,1
1851,ZNF606_1,7,ZNF606,1
1852,TCF7L1_0,7,TCF7L1,0
1853,PRDM13_0,7,PRDM13,0
1854,SOX3_0,7,SOX3,0
1855,ZNF334_1,7,ZNF334,1
1856,ZNF570_1,7,ZNF570,1
1857,ZNF714_0,7,ZNF714,0
1858,ZNF555_1,7,ZNF555,1
1859,RERE_1,7,RERE,1
1860,ZNF891_1,7,ZNF891,1
1861,ZNF282_1,7,ZNF282,1
1862,ZBTB47_0,7,ZBTB47,0
1863,NKX6-1_1,7,NKX6-1,1
1864,ZNF681_0,7,ZNF681,0
1865,AHR_1,6,AHR,1
1866,ZNF347_0,6,ZNF347,0
1867,ZNF880_0,6,ZNF880,0
1868,ZXDB_0,6,ZXDB,0
1869,ETV7_1,6,ETV7,1
1870,ZNF16_0,6,ZNF16,0
1871,SATB1_0,6,SATB1,0
1872,ZNF596_0,6,ZNF596,0
1873,NOTCH2_1,6,NOTCH2,1
1874,GTF3C2_0,6,GTF3C2,0
1875,ZNF175_0,6,ZNF175,0
1876,ZNF546_0,6,ZNF546,0
1877,SOX9_0,6,SOX9,0
1878,ZNF234_0,6,ZNF234,0
1879,ELF5_1,6,ELF5,1
1880,PRDM9_0,6,PRDM9,0
1881,THAP12_0,6,THAP12,0
1882,SS18_1,6,SS18,1
1883,ZNF121_0,6,ZNF121,0
1884,STOX2_0,6,STOX2,0
1885,HIC2_0,6,HIC2,0
1886,ZMIZ1_1,6,ZMIZ1,1
1887,NFRKB_0,6,NFRKB,0
1888,BCL11B_1,6,BCL11B,1
1889,ZNF484_0,6,ZNF484,0
1890,PRDM15_0,6,PRDM15,0
1891,ZFP3_0,6,ZFP3,0
1892,ZNF583_0,6,ZNF583,0
1893,ARX_1,6,ARX,1
1894,PROX1_0,6,PROX1,0
1895,ZNF44_0,6,ZNF44,0
1896,ZNF585A_0,6,ZNF585A,0
1897,ZNF510_1,6,ZNF510,1
1898,ZNF366_0,6,ZNF366,0
1899,ZNF433_0,6,ZNF433,0
1900,ZNF592_1,6,ZNF592,1
1901,ZNF708_0,6,ZNF708,0
1902,ZNF486_0,6,ZNF486,0
1903,ZNF354B_1,6,ZNF354B,1
1904,SUZ12_0,6,SUZ12,0
1905,CASZ1_0,6,CASZ1,0
1906,ZKSCAN5_1,6,ZKSCAN5,1
1907,HLX_0,6,HLX,0
1908,HEY1_1,6,HEY1,1
1909,ZNF791_0,6,ZNF791,0
1910,ZNF746_0,6,ZNF746,0
1911,ZNF529_1,6,ZNF529,1
1912,SKP2_1,5,SKP2,1
1913,ZNF432_1,5,ZNF432,1
1914,AFF3_0,5,AFF3,0
1915,ZNF699_0,5,ZNF699,0
1916,PPARGC1A_1,5,PPARGC1A,1
1917,ZNF490_0,5,ZNF490,0
1918,ZNF618_0,5,ZNF618,0
1919,ZNF132_0,5,ZNF132,0
1920,ZFX_0,5,ZFX,0
1921,ZSCAN20_0,5,ZSCAN20,0
1922,ZNF554_0,5,ZNF554,0
1923,ZFP82_0,5,ZFP82,0
1924,ELK3_0,5,ELK3,0
1925,GRHL2_0,5,GRHL2,0
1926,ZNF777_0,5,ZNF777,0
1927,ZNF266_0,5,ZNF266,0
1928,TSHZ2_0,5,TSHZ2,0
1929,ZNF665_0,5,ZNF665,0
1930,ZNF570_0,5,ZNF570,0
1931,ZNF665_1,5,ZNF665,1
1932,ZNF510_0,5,ZNF510,0
1933,FOXC2_0,5,FOXC2,0
1934,MYBBP1A_0,5,MYBBP1A,0
1935,SMARCA1_0,5,SMARCA1,0
1936,GSC_0,5,GSC,0
1937,ZNF235_0,5,ZNF235,0
1938,ZNF471_1,5,ZNF471,1
1939,ZNF879_0,5,ZNF879,0
1940,ZBTB14_0,5,ZBTB14,0
1941,HDX_0,5,HDX,0
1942,ZNF221_0,5,ZNF221,0
1943,ZNF727_1,5,ZNF727,1
1944,ZNF844_1,5,ZNF844,1
1945,ZNF827_1,5,ZNF827,1
1946,ZBTB7C_0,5,ZBTB7C,0
1947,ZNF827_0,5,ZNF827,0
1948,SUPT5H_0,5,SUPT5H,0
1949,SIX4_0,5,SIX4,0
1950,ZNF595_0,5,ZNF595,0
1951,GRHL3_1,5,GRHL3,1
1952,ZNF229_0,5,ZNF229,0
1953,ZNF354B_0,5,ZNF354B,0
1954,ZNF423_0,5,ZNF423,0
1955,MYEF2_0,5,MYEF2,0
1956,ADNP2_1,5,ADNP2,1
1957,AFF2_0,5,AFF2,0
1958,MYBL1_0,5,MYBL1,0
1959,ZNF445_0,5,ZNF445,0
1960,ZNF823_1,5,ZNF823,1
1961,ZNF81_1,5,ZNF81,1
1962,MYT1_1,5,MYT1,1
1963,ZHX2_0,5,ZHX2,0
1964,SREBF1_0,5,SREBF1,0
1965,AHR_0,4,AHR,0
1966,ZNF850_1,4,ZNF850,1
1967,ZNF605_1,4,ZNF605,1
1968,ZNF8_0,4,ZNF8,0
1969,ZNF107_1,4,ZNF107,1
1970,ZBED4_1,4,ZBED4,1
1971,HDAC4_0,4,HDAC4,0
1972,ZNF90_1,4,ZNF90,1
1973,SALL3_0,4,SALL3,0
1974,GMEB2_0,4,GMEB2,0
1975,PPP1R13B_0,4,PPP1R13B,0
1976,ZNF599_0,4,ZNF599,0
1977,ZHX1_0,4,ZHX1,0
1978,ZNF473_1,4,ZNF473,1
1979,ZHX1_1,4,ZHX1,1
1980,MNX1_1,4,MNX1,1
1981,ZNF142_1,4,ZNF142,1
1982,TFDP1_1,4,TFDP1,1
1983,CREB3L3_1,4,CREB3L3,1
1984,TMF1_0,4,TMF1,0
1985,BHLHE22_1,4,BHLHE22,1
1986,NKX1-1_0,4,NKX1-1,0
1987,CDK2_1,4,CDK2,1
1988,ZNF564_0,4,ZNF564,0
1989,ZNF197_1,4,ZNF197,1
1990,PRDM15_1,4,PRDM15,1
1991,ZNF716_0,4,ZNF716,0
1992,ZNF507_0,4,ZNF507,0
1993,AKNA_1,4,AKNA,1
1994,ELF3_1,4,ELF3,1
1995,SNW1_1,4,SNW1,1
1996,ZNF280C_0,4,ZNF280C,0
1997,PAXBP1_0,4,PAXBP1,0
1998,ZNF112_0,4,ZNF112,0
1999,ZNF536_1,4,ZNF536,1
2000,ZNF700_1,4,ZNF700,1
2001,DND1_1,4,DND1,1
2002,ZNF865_1,4,ZNF865,1
2003,VEZF1_0,4,VEZF1,0
2004,AFF4_1,4,AFF4,1
2005,GTF2IRD2B_0,4,GTF2IRD2B,0
2006,SOX4_0,4,SOX4,0
2007,ZNF814_1,4,ZNF814,1
2008,ZNF436_0,4,ZNF436,0
2009,TONSL_1,4,TONSL,1
2010,MTF1_0,4,MTF1,0
2011,ZNF222_1,4,ZNF222,1
2012,ZSCAN32_1,4,ZSCAN32,1
2013,HLTF_0,4,HLTF,0
2014,ZNF224_0,4,ZNF224,0
2015,ABL1_1,4,ABL1,1
2016,ZNF730_0,4,ZNF730,0
2017,PRDM6_1,4,PRDM6,1
2018,TCEB2_1,4,TCEB2,1
2019,ZNF768_1,4,ZNF768,1
2020,ZNF786_0,4,ZNF786,0
2021,ZNF28_1,4,ZNF28,1
2022,CRAMP1_1,4,CRAMP1,1
2023,TBX2_0,4,TBX2,0
2024,SOX7_0,4,SOX7,0
2025,ZFPM1_0,4,ZFPM1,0
2026,ZNF233_1,4,ZNF233,1
2027,GTF2IRD2_1,4,GTF2IRD2,1
2028,RFX1_0,4,RFX1,0
2029,SOX21_1,4,SOX21,1
2030,MEOX1_1,4,MEOX1,1
2031,ZNF28_0,4,ZNF28,0
2032,ZNF217_0,3,ZNF217,0
2033,MYSM1_0,3,MYSM1,0
2034,ATF7_1,3,ATF7,1
2035,ZNF587B_1,3,ZNF587B,1
2036,ERCC6_1,3,ERCC6,1
2037,ZNF251_1,3,ZNF251,1
2038,ZNF281_0,3,ZNF281,0
2039,GTF2IRD1_1,3,GTF2IRD1,1
2040,ZBTB46_0,3,ZBTB46,0
2041,ZNF789_1,3,ZNF789,1
2042,ZNF600_1,3,ZNF600,1
2043,ATF6_1,3,ATF6,1
2044,RB1_1,3,RB1,1
2045,GTF2IRD2B_1,3,GTF2IRD2B,1
2046,AFF4_0,3,AFF4,0
2047,NR1D2_0,3,NR1D2,0
2048,HSFY1_1,3,HSFY1,1
2049,ZNF736_0,3,ZNF736,0
2050,ZNF136_0,3,ZNF136,0
2051,SMARCC1_0,3,SMARCC1,0
2052,UNCX_0,3,UNCX,0
2053,POGZ_0,3,POGZ,0
2054,ZNF334_0,3,ZNF334,0
2055,ARID4B_1,3,ARID4B,1
2056,ZNF470_1,3,ZNF470,1
2057,IRF6_1,3,IRF6,1
2058,ZNF112_1,3,ZNF112,1
2059,NCOA6_1,3,NCOA6,1
2060,SP1_0,3,SP1,0
2061,ZNF616_0,3,ZNF616,0
2062,MEF2C_1,3,MEF2C,1
2063,ZKSCAN7_1,3,ZKSCAN7,1
2064,ZNF41_0,3,ZNF41,0
2065,ZNF286B_0,3,ZNF286B,0
2066,GLIS2_0,3,GLIS2,0
2067,BNC1_0,3,BNC1,0
2068,ZNF606_0,3,ZNF606,0
2069,E2F7_0,3,E2F7,0
2070,ZNF84_0,3,ZNF84,0
2071,ZKSCAN2_0,3,ZKSCAN2,0
2072,ZNF134_0,3,ZNF134,0
2073,ZNF354A_0,3,ZNF354A,0
2074,POGZ_1,3,POGZ,1
2075,ZNF26_0,3,ZNF26,0
2076,ZNF727_0,3,ZNF727,0
2077,NFAT5_1,3,NFAT5,1
2078,PRDM6_0,3,PRDM6,0
2079,ZNF891_0,3,ZNF891,0
2080,MECOM_1,3,MECOM,1
2081,ZNF709_0,3,ZNF709,0
2082,SP2_0,3,SP2,0
2083,RFX6_1,3,RFX6,1
2084,GLI1_1,3,GLI1,1
2085,ZNF311_0,3,ZNF311,0
2086,TCEB1_1,3,TCEB1,1
2087,ZNF518A_0,3,ZNF518A,0
2088,HMGXB3_1,3,HMGXB3,1
2089,ZFP37_0,3,ZFP37,0
2090,ZBTB21_1,3,ZBTB21,1
2091,TTF1_1,3,TTF1,1
2092,ZNF502_0,3,ZNF502,0
2093,ZNF624_0,3,ZNF624,0
2094,ADAR_1,3,ADAR,1
2095,ZNF813_0,3,ZNF813,0
2096,ZNF718_0,3,ZNF718,0
2097,ZNF780B_0,3,ZNF780B,0
2098,BARHL1_1,3,BARHL1,1
2099,TMF1_1,3,TMF1,1
2100,ZNF585B_0,3,ZNF585B,0
2101,ZNF91_1,3,ZNF91,1
2102,GLI2_0,3,GLI2,0
2103,ZNF521_1,3,ZNF521,1
2104,ZNF675_0,3,ZNF675,0
2105,ZNF117_1,3,ZNF117,1
2106,PRDM16_0,3,PRDM16,0
2107,NCOA2_1,3,NCOA2,1
2108,ZNF551_0,3,ZNF551,0
2109,OLIG1_1,2,OLIG1,1
2110,ZNF93_0,2,ZNF93,0
2111,ZNF516_0,2,ZNF516,0
2112,ZNF516_1,2,ZNF516,1
2113,NCOA3_0,2,NCOA3,0
2114,NCOA3_1,2,NCOA3,1
2115,BCLAF1_0,2,BCLAF1,0
2116,ZNF628_0,2,ZNF628,0
2117,NCOR1_1,2,NCOR1,1
2118,WHSC1_1,2,WHSC1,1
2119,ZNF860_0,2,ZNF860,0
2120,ZNF99_0,2,ZNF99,0
2121,ZNF628_1,2,ZNF628,1
2122,MECP2_1,2,MECP2,1
2123,ZNF443_0,2,ZNF443,0
2124,ZNF214_0,2,ZNF214,0
2125,ZNF267_0,2,ZNF267,0
2126,RFX6_0,2,RFX6,0
2127,FOXA1_0,2,FOXA1,0
2128,NEUROD4_1,2,NEUROD4,1
2129,ZNF613_0,2,ZNF613,0
2130,ZNF219_0,2,ZNF219,0
2131,ZSCAN18_1,2,ZSCAN18,1
2132,FOXK2_0,2,FOXK2,0
2133,ZNF165_0,2,ZNF165,0
2134,ZBTB44_1,2,ZBTB44,1
2135,HOXD13_1,2,HOXD13,1
2136,ZNF592_0,2,ZNF592,0
2137,ZNF10_0,2,ZNF10,0
2138,NFXL1_0,2,NFXL1,0
2139,ZNF658_0,2,ZNF658,0
2140,HOPX_1,2,HOPX,1
2141,FUBP1_1,2,FUBP1,1
2142,GZF1_0,2,GZF1,0
2143,SALL1_0,2,SALL1,0
2144,ZNF420_0,2,ZNF420,0
2145,CDK1_1,2,CDK1,1
2146,PARP1_1,2,PARP1,1
2147,KDM5D_0,2,KDM5D,0
2148,ARID5B_0,2,ARID5B,0
2149,KLF2_1,2,KLF2,1
2150,ZBED4_0,2,ZBED4,0
2151,ZKSCAN8_0,2,ZKSCAN8,0
2152,HOXD1_1,2,HOXD1,1
2153,TULP4_1,2,TULP4,1
2154,SOX6_0,2,SOX6,0
2155,ZNF572_0,2,ZNF572,0
2156,ZNF578_0,2,ZNF578,0
2157,ZBTB2_0,2,ZBTB2,0
2158,PPP1R13L_0,2,PPP1R13L,0
2159,ZNF541_1,2,ZNF541,1
2160,ZNF470_0,2,ZNF470,0
2161,ZNF692_1,2,ZNF692,1
2162,HSF5_0,2,HSF5,0
2163,ZNF431_0,2,ZNF431,0
2164,NCOR1_0,1,NCOR1,0
2165,ZNF471_0,1,ZNF471,0
2166,MYRF_0,1,MYRF,0
2167,BCL11B_0,1,BCL11B,0
2168,BCLAF1_1,1,BCLAF1,1
2169,ZNF850_0,1,ZNF850,0
2170,KLF7_1,1,KLF7,1
2171,GLI2_1,1,GLI2,1
2172,ZNF263_0,1,ZNF263,0
2173,ZNF429_0,1,ZNF429,0
2174,ZNF865_0,1,ZNF865,0
2175,TRERF1_0,1,TRERF1,0
2176,SMARCC2_0,1,SMARCC2,0
2177,NR0B1_1,1,NR0B1,1
2178,OSR1_1,1,OSR1,1
2179,SHOX2_1,1,SHOX2,1
2180,ZNF844_0,1,ZNF844,0
2181,CIZ1_1,1,CIZ1,1
2182,ENO1_1,1,ENO1,1
2183,ARID3A_0,1,ARID3A,0
2184,KLF10_1,1,KLF10,1
2185,ZNF528_0,1,ZNF528,0
2186,ZNF581_1,1,ZNF581,1
2187,ZNF808_0,1,ZNF808,0
2188,NEUROG1_1,1,NEUROG1,1
2189,ARID3B_1,1,ARID3B,1
2190,ZNF550_1,1,ZNF550,1
2191,ADNP2_0,1,ADNP2,0
2192,ZNF677_0,1,ZNF677,0
2193,ABL1_0,1,ABL1,0
2194,CRAMP1_0,1,CRAMP1,0
2195,ZNF16_1,1,ZNF16,1
2196,ZNF226_1,1,ZNF226,1
2197,ZKSCAN5_0,1,ZKSCAN5,0
2198,THRA_1,1,THRA,1
2199,ZNF300_0,1,ZNF300,0
2200,ZNF333_1,1,ZNF333,1
2201,RERE_0,1,RERE,0
2202,ZNF485_1,1,ZNF485,1
2203,WDHD1_0,1,WDHD1,0
2204,ZNF541_0,1,ZNF541,0
2205,ZNF614_0,1,ZNF614,0
2206,ZNF600_0,1,ZNF600,0
2207,ZNF732_0,1,ZNF732,0
2208,FXN_1,1,FXN,1
2209,CASZ1_1,1,CASZ1,1
2210,BLZF1_1,1,BLZF1,1
2211,TEAD1_1,1,TEAD1,1
2212,TAF9_1,1,TAF9,1
2213,NFXL1_1,1,NFXL1,1
2214,THAP10_1,1,THAP10,1
2215,ZBTB22_1,1,ZBTB22,1
2216,MECOM_0,1,MECOM,0
2217,JUND_1,1,JUND,1
2218,ZNF713_1,1,ZNF713,1
2219,PARP1_0,1,PARP1,0
2220,SALL3_1,1,SALL3,1
2221,ZNF12_0,1,ZNF12,0
2222,ZNF688_1,1,ZNF688,1
2223,ATF6_0,1,ATF6,0
2224,RB1_0,1,RB1,0
2225,ZFPM1_1,1,ZFPM1,1
2226,ZNF687_0,1,ZNF687,0
2227,E2F8_0,1,E2F8,0
2228,ESR2_1,1,ESR2,1
2229,ZNF182_0,1,ZNF182,0
2230,ZNF488_1,1,ZNF488,1
2231,EWSR1_1,1,EWSR1,1
2232,ZHX3_0,1,ZHX3,0
2233,FOXP1_1,1,FOXP1,1
2234,BATF2_1,1,BATF2,1
2235,TBR1_0,1,TBR1,0
2236,NFKBIL1_1,1,NFKBIL1,1
